engine_id,mission_id,window_start_time,window_end_time,anomaly_score,anomaly_alert,normal_probability,fault_probability,predicted_faults,fault_probability_misfire,fault_probability_injector_degradation,fault_probability_turbo_issue,fault_probability_lubrication_issue,fault_probability_sensor_drift,fault_probability_overheating,fault_probability_electrical_fault,fault_probability_bearing_fault,rul_mean_hours,rul_lower_hours,rul_upper_hours,health_index,data_quality_warning,gt_anomaly,gt_faults,gt_misfire,gt_injector_degradation,gt_turbo_issue,gt_lubrication_issue,gt_sensor_drift,gt_overheating,gt_electrical_fault,gt_bearing_fault,gt_rul_hours,gt_health_index,mission_risk
fault_eng_301,sensor_drift_301,0.0,9.5,0.37113788896221106,False,0.9999660849571228,3.392997678020038e-05,none,2.6960431569023058e-05,9.397279427503236e-06,2.332310259589576e-06,5.649581908073742e-06,4.060351329826517e-06,2.824046077876119e-06,4.912145959679037e-05,6.176310307637323e-06,5.558630466461182,4.398210525512695,6.774964332580566,74.74667358398438,12_missing_values_imputed; rail_pressure_bar_out_of_range,False,none,False,False,False,False,False,False,False,False,,92.8044177050694,elevated
fault_eng_301,sensor_drift_301,5.0,14.5,0.19504831127281091,False,0.9999361634254456,6.383346044458449e-05,none,0.0001423449721187353,8.47478149808012e-05,1.9418885131017305e-05,3.63904946425464e-05,2.5671517505543306e-05,4.4339212763588876e-05,0.00028499087784439325,4.213479405734688e-05,6.177637577056885,4.841875076293945,7.366692066192627,73.33354187011719,12_missing_values_imputed; rail_pressure_bar_out_of_range,False,none,False,False,False,False,False,False,False,False,,92.80370722584098,elevated
fault_eng_301,sensor_drift_301,10.0,19.5,0.15006938276201254,False,0.9998738765716553,0.00012613963917829096,none,0.0002056404046015814,0.0001358349109068513,3.003716847160831e-05,6.564311479451135e-05,4.65126613562461e-05,9.075417619897053e-05,0.0005088428151793778,7.34255590941757e-05,6.4481072425842285,5.043827056884766,7.69161319732666,75.46747589111328,12_missing_values_imputed; rail_pressure_bar_out_of_range,False,none,False,False,False,False,False,False,False,False,,92.803010529561,elevated
fault_eng_301,sensor_drift_301,15.0,24.5,0.07885357030318119,False,0.9997815489768982,0.00021845170704182237,none,0.00029275365523062646,0.00016920911730267107,4.5320870412979275e-05,9.329830209026113e-05,7.531655137427151e-05,0.00011796160106314346,0.0006622500950470567,0.00010220206604572013,6.029189586639404,4.720548629760742,7.226487636566162,75.61985778808594,12_missing_values_imputed; rail_pressure_bar_out_of_range,False,none,False,False,False,False,False,False,False,False,,92.80233569205303,elevated
fault_eng_301,sensor_drift_301,20.0,29.5,0.15027370312600397,False,0.9995023608207703,0.0004976312047801912,none,0.0010004705982282758,0.0005569680943153799,0.00019513288862071931,0.00040970882400870323,0.00030491198413074017,0.0004218965186737478,0.0018907072953879833,0.0003892537788487971,5.966599941253662,4.666974067687988,7.139096260070801,74.51631927490234,12_missing_values_imputed; rail_pressure_bar_out_of_range,False,none,False,False,False,False,False,False,False,False,,92.80172289219512,elevated
fault_eng_301,sensor_drift_301,25.0,34.5,0.15049006562912837,False,0.9991089701652527,0.0008910176111385226,none,0.002278711413964629,0.0011936539085581899,0.0004857105959672481,0.001037299050949514,0.0007156575447879732,0.0008925139554776251,0.003529356559738517,0.0009343000710941851,5.974790096282959,4.690619468688965,7.156956672668457,74.12127685546875,12_missing_values_imputed; rail_pressure_bar_out_of_range,False,none,False,False,False,False,False,False,False,False,,92.80120255610392,elevated
fault_eng_301,sensor_drift_301,30.0,39.5,0.15097293793223798,False,0.998231053352356,0.0017689671367406845,none,0.004897063598036766,0.0028376078698784113,0.0014765994856134057,0.0031865083146840334,0.0023295902647078037,0.002551958430558443,0.007763565517961979,0.002458347473293543,6.020085334777832,4.754903793334961,7.163703441619873,74.130859375,12_missing_values_imputed; rail_pressure_bar_out_of_range,False,none,False,False,False,False,False,False,False,False,,92.80067834177416,elevated
fault_eng_301,sensor_drift_301,35.0,44.5,0.05272369587328285,False,0.9969146251678467,0.003085396019741893,none,0.008515186607837677,0.004958947189152241,0.0028880920726805925,0.0057852608151733875,0.004403905943036079,0.004993048496544361,0.01194637082517147,0.004433249589055777,6.011080265045166,4.711867809295654,7.146050453186035,74.42626953125,12_missing_values_imputed; rail_pressure_bar_out_of_range,False,none,False,False,False,False,False,False,False,False,,92.80017191410516,elevated
fault_eng_301,sensor_drift_301,40.0,49.5,0.0641346680931747,False,0.9947267174720764,0.0052732559852302074,none,0.018279876559972763,0.01078775804489851,0.0069457716308534145,0.014850577339529991,0.009735934436321259,0.011061316356062889,0.0227518193423748,0.010259776376187801,6.041385650634766,4.755927085876465,7.206933975219727,73.14668273925781,12_missing_values_imputed; rail_pressure_bar_out_of_range,False,none,False,False,False,False,False,False,False,False,,92.79972443922662,elevated
fault_eng_301,sensor_drift_301,45.0,54.5,0.021882243687286973,False,0.9956786036491394,0.004321418236941099,none,0.017455043271183968,0.010723334737122059,0.007989279925823212,0.011946714483201504,0.010313614271581173,0.011490478180348873,0.02093788981437683,0.00944114476442337,6.120474338531494,4.813891887664795,7.257445335388184,72.92887878417969,12_missing_values_imputed; rail_pressure_bar_out_of_range,False,none,False,False,False,False,False,False,False,False,,92.79922623973694,elevated
fault_eng_301,sensor_drift_301,50.0,59.5,0.010572016704827547,False,0.9919446110725403,0.008055388927459717,none,0.033679358661174774,0.019916702061891556,0.014367744326591492,0.02997679077088833,0.01864742487668991,0.02181854099035263,0.036759767681360245,0.020164670422673225,5.954816818237305,4.681299209594727,7.100707054138184,72.32440185546875,12_missing_values_imputed; rail_pressure_bar_out_of_range,False,none,False,False,False,False,False,False,False,False,,92.79879824269749,elevated
fault_eng_301,sensor_drift_301,55.0,64.5,0.002534029306843877,False,0.9953926801681519,0.0046073258854448795,none,0.02472628839313984,0.01503706257790327,0.008443055674433708,0.022640286013484,0.012423106469213963,0.012938711792230606,0.026907997205853462,0.014553572982549667,5.9879584312438965,4.723694801330566,7.126667022705078,72.14814758300781,12_missing_values_imputed; rail_pressure_bar_out_of_range,False,none,False,False,False,False,False,False,False,False,,92.79838023487916,elevated
fault_eng_301,sensor_drift_301,60.0,69.5,0.0034185522235929966,False,0.9937844276428223,0.006215549539774656,none,0.024747714400291443,0.01663469336926937,0.011654889211058617,0.020044978708028793,0.01573706604540348,0.017584048211574554,0.027278810739517212,0.014779637567698956,6.073174953460693,4.773994445800781,7.223674774169922,72.09553527832031,12_missing_values_imputed; rail_pressure_bar_out_of_range,False,none,False,False,False,False,False,False,False,False,,92.79794727304352,elevated
fault_eng_301,sensor_drift_301,65.0,74.5,0.003917056601494551,False,0.9928780794143677,0.007121920585632324,none,0.032773230224847794,0.021336039528250694,0.016450051218271255,0.02781069464981556,0.022318964824080467,0.02268756739795208,0.03442151099443436,0.019357535988092422,6.141984939575195,4.835930824279785,7.31528377532959,73.37572479248047,12_missing_values_imputed; rail_pressure_bar_out_of_range,False,none,False,False,False,False,False,False,False,False,,92.7974653939724,elevated
fault_eng_301,sensor_drift_301,70.0,79.5,0.004591143224388361,False,0.9916524887084961,0.008347532711923122,none,0.04823707416653633,0.029387174174189568,0.021903548389673233,0.04646686092019081,0.0394463911652565,0.0330154150724411,0.0473935604095459,0.03024543635547161,6.222033977508545,4.8754072189331055,7.405570030212402,73.7468490600586,12_missing_values_imputed; rail_pressure_bar_out_of_range,False,none,False,False,False,False,False,False,False,False,,92.79695975031908,elevated
fault_eng_301,sensor_drift_301,75.0,84.5,0.0025422319304198027,False,0.995377779006958,0.0046222396194934845,none,0.018491225317120552,0.012921593151986599,0.006309543736279011,0.014505215920507908,0.012511537410318851,0.011829312890768051,0.019017644226551056,0.010936264880001545,6.089597702026367,4.762711524963379,7.292577743530273,74.03653717041016,12_missing_values_imputed; rail_pressure_bar_out_of_range,False,none,False,False,False,False,False,False,False,False,,92.79645440795336,elevated
fault_eng_301,sensor_drift_301,80.0,89.5,0.0038684499450027943,False,0.9929664731025696,0.007033545058220625,none,0.03786435350775719,0.023377209901809692,0.01534945610910654,0.030119629576802254,0.02609718218445778,0.026467394083738327,0.03480128198862076,0.021912911906838417,6.144728660583496,4.773281097412109,7.327486991882324,74.09828186035156,12_missing_values_imputed; rail_pressure_bar_out_of_range,False,none,False,False,False,False,False,False,False,False,,92.79597541884353,elevated
fault_eng_301,sensor_drift_301,85.0,94.5,0.005135048180818558,False,0.9906635284423828,0.009336451068520546,none,0.05060489475727081,0.02935309149324894,0.017811695113778114,0.04207221418619156,0.028446633368730545,0.027294471859931946,0.03924998268485069,0.028763823211193085,6.010909557342529,4.718572616577148,7.225812911987305,73.76728057861328,12_missing_values_imputed; rail_pressure_bar_out_of_range,False,none,False,False,False,False,False,False,False,False,,92.79554405857915,elevated
fault_eng_301,sensor_drift_301,90.0,99.5,0.006379249505698681,False,0.9884013533592224,0.011598635464906693,none,0.050381653010845184,0.032331984490156174,0.023034656420350075,0.05092113837599754,0.047524191439151764,0.03948036953806877,0.046690985560417175,0.0346243679523468,6.154664516448975,4.820092678070068,7.381719589233398,73.22393798828125,12_missing_values_imputed; rail_pressure_bar_out_of_range,False,none,False,False,False,False,False,False,False,False,,92.79511438367004,elevated
fault_eng_301,sensor_drift_301,95.0,104.5,0.0063241529278457165,False,0.9885015487670898,0.011498459614813328,none,0.04889367148280144,0.031761642545461655,0.020764486864209175,0.051966115832328796,0.04465320706367493,0.03650078549981117,0.04521868750452995,0.034863416105508804,6.2174506187438965,4.9168195724487305,7.457887649536133,74.3204574584961,12_missing_values_imputed; rail_pressure_bar_out_of_range,False,none,False,False,False,False,False,False,False,False,,92.79468275790596,elevated
fault_eng_301,sensor_drift_301,100.0,109.5,0.010438797064125538,False,0.9810203909873962,0.01897963136434555,none,0.07696297019720078,0.04762504622340202,0.03233203664422035,0.09466376900672913,0.06947668641805649,0.06065291166305542,0.06499774754047394,0.05938766896724701,6.216184616088867,4.887651443481445,7.4733381271362305,74.32288360595703,12_missing_values_imputed; rail_pressure_bar_out_of_range,False,none,False,False,False,False,False,False,False,False,,92.79424871184315,elevated
fault_eng_301,sensor_drift_301,105.0,114.5,0.006265579257160425,False,0.9886080622673035,0.011391961947083473,none,0.07268575578927994,0.04273676872253418,0.030339844524860382,0.07043851912021637,0.055372513830661774,0.04029862582683563,0.050600506365299225,0.0472257062792778,6.384845733642578,4.989119052886963,7.622179985046387,75.59956359863281,12_missing_values_imputed; rail_pressure_bar_out_of_range,False,none,False,False,False,False,False,False,False,False,,92.79381216481278,elevated
fault_eng_301,sensor_drift_301,110.0,119.5,0.35002480968895033,False,0.9984215497970581,0.001578455907292664,none,0.004826621618121862,0.0037125421222299337,0.003987127915024757,0.001169104827567935,0.00327265914529562,0.0036562385503202677,0.0055787875317037106,0.0019312083022668958,6.072265625,4.589876651763916,7.539571762084961,74.26293182373047,12_missing_values_imputed; rail_pressure_bar_out_of_range,False,none,False,False,False,False,False,False,False,False,,92.79301499835474,elevated
fault_eng_301,sensor_drift_301,115.0,124.5,0.2767677977706302,False,0.999155580997467,0.0008444100967608392,none,0.005718302447348833,0.004145680461078882,0.004164414945989847,0.0020255097188055515,0.0019032338168472052,0.00259283185005188,0.007508143316954374,0.002539674285799265,5.665994167327881,4.230429172515869,6.8677191734313965,71.95101928710938,12_missing_values_imputed; rail_pressure_bar_out_of_range,False,none,False,False,False,False,False,False,False,False,,92.7921864781324,elevated
fault_eng_301,sensor_drift_301,120.0,129.5,0.06891967365135114,False,0.9981217980384827,0.001878231531009078,none,0.0068678357638418674,0.004939165897667408,0.0032407299149781466,0.0033681117929518223,0.003217175370082259,0.0034185522235929966,0.010019793175160885,0.003445394802838564,5.9434380531311035,4.644470691680908,7.153560638427734,73.65202331542969,12_missing_values_imputed; rail_pressure_bar_out_of_range,False,none,False,False,False,False,False,False,False,False,,92.79141672777196,elevated
fault_eng_301,sensor_drift_301,125.0,134.5,0.050291744649959585,False,0.99726402759552,0.002735982881858945,none,0.010849210433661938,0.007602594792842865,0.007519479375332594,0.004641766659915447,0.004971848800778389,0.005321962758898735,0.015579236671328545,0.0052360836416482925,6.055479049682617,4.621575832366943,7.230027675628662,75.80224609375,12_missing_values_imputed; rail_pressure_bar_out_of_range,False,none,False,False,False,False,False,False,False,False,,92.79071483849508,elevated
fault_eng_301,sensor_drift_301,130.0,139.5,0.08137480976337699,False,0.9972800612449646,0.002719943644478917,none,0.010001515038311481,0.007058031857013702,0.008174881339073181,0.004772435408085585,0.005222173873335123,0.004902308341115713,0.014446745626628399,0.0055273170582950115,5.753481388092041,4.427436828613281,6.822601318359375,73.65092468261719,12_missing_values_imputed; rail_pressure_bar_out_of_range,False,none,False,False,False,False,False,False,False,False,,92.78998138808616,elevated
fault_eng_301,sensor_drift_301,135.0,144.5,0.10531987971917453,False,0.9963890910148621,0.003610902465879917,none,0.0168578140437603,0.01164389867335558,0.01344442367553711,0.010360282845795155,0.01046551950275898,0.008652141317725182,0.02369934879243374,0.00972049031406641,6.135589122772217,4.836648941040039,7.29359769821167,74.86873626708984,12_missing_values_imputed; rail_pressure_bar_out_of_range,False,none,False,False,False,False,False,False,False,False,,92.78925195289268,elevated
fault_eng_301,sensor_drift_301,140.0,149.5,0.06621449329055089,False,0.9978054165840149,0.0021945659536868334,none,0.012472067028284073,0.008548677898943424,0.00631796196103096,0.005612276494503021,0.005315141286700964,0.005229702219367027,0.01370970904827118,0.005892230197787285,5.984725475311279,4.696969985961914,7.133868217468262,75.98979949951172,12_missing_values_imputed; rail_pressure_bar_out_of_range,False,none,False,False,False,False,False,False,False,False,,92.78854861521386,elevated
fault_eng_301,sensor_drift_301,145.0,154.5,0.05438569235452896,False,0.9962102174758911,0.003789809998124838,none,0.019909104332327843,0.0143249137327075,0.012973474338650703,0.008246316574513912,0.009087304584681988,0.008808190003037453,0.020343491807579994,0.0096299322322011,6.054159164428711,4.778721332550049,7.205833911895752,76.1220703125,12_missing_values_imputed; rail_pressure_bar_out_of_range,False,none,False,False,False,False,False,False,False,False,,92.78787192260044,elevated
fault_eng_301,sensor_drift_301,150.0,159.5,0.0529039424154868,False,0.9971198439598083,0.0028801769949495792,none,0.01908418908715248,0.014266777783632278,0.013646234758198261,0.00856741052120924,0.010121110826730728,0.009365764446556568,0.020956074818968773,0.010009057819843292,6.07612943649292,4.784579277038574,7.239988327026367,76.45113372802734,12_missing_values_imputed; rail_pressure_bar_out_of_range,False,none,False,False,False,False,False,False,False,False,,92.78721868455295,elevated
fault_eng_301,sensor_drift_301,155.0,164.5,0.050612329363781065,False,0.9967445731163025,0.003255442250519991,none,0.024031607434153557,0.01774885505437851,0.02481071650981903,0.01106457132846117,0.014191865921020508,0.012078208848834038,0.026609357446432114,0.014356976374983788,6.0913262367248535,4.808598518371582,7.210646629333496,74.94295501708984,12_missing_values_imputed; rail_pressure_bar_out_of_range,False,none,False,False,False,False,False,False,False,False,,92.78654580302438,elevated
fault_eng_301,sensor_drift_301,160.0,169.5,0.15489125217133237,False,0.9969754815101624,0.003024536184966564,none,0.018482152372598648,0.015372463501989841,0.011256829835474491,0.007924186997115612,0.007736694533377886,0.007851140573620796,0.016101054847240448,0.009894629940390587,5.978376388549805,4.819218635559082,7.138571739196777,74.49259185791016,12_missing_values_imputed; rail_pressure_bar_out_of_range,False,none,False,False,False,False,False,False,False,False,,92.78584541827964,elevated
fault_eng_301,sensor_drift_301,165.0,174.5,0.07694631264466784,False,0.9926789999008179,0.007320997305214405,none,0.025872094556689262,0.021474217996001244,0.013569985516369343,0.01425566989928484,0.016960669308900833,0.01691952906548977,0.02023894712328911,0.01518290862441063,5.692860126495361,4.415992259979248,6.890456199645996,73.79107666015625,12_missing_values_imputed; rail_pressure_bar_out_of_range,False,none,False,False,False,False,False,False,False,False,,92.78519801423452,elevated
fault_eng_301,sensor_drift_301,170.0,179.5,0.16176983766112513,False,0.9952468872070312,0.004753085784614086,none,0.02548881247639656,0.021476130932569504,0.018987182527780533,0.010061720386147499,0.01704113930463791,0.01320650614798069,0.024378769099712372,0.014881297945976257,5.887341022491455,4.5758161544799805,7.124835968017578,74.9437026977539,12_missing_values_imputed; rail_pressure_bar_out_of_range,False,none,False,False,False,False,False,False,False,False,,92.78453357323475,elevated
fault_eng_301,sensor_drift_301,175.0,184.5,0.35108579002437024,False,0.991365373134613,0.008634633384644985,none,0.025853339582681656,0.021917471662163734,0.0277801975607872,0.006249651778489351,0.01914648339152336,0.02340002916753292,0.027718793600797653,0.015995940193533897,5.703897953033447,4.483523368835449,7.099947929382324,75.00686645507812,12_missing_values_imputed; rail_pressure_bar_out_of_range,False,none,False,False,False,False,False,False,False,False,,92.78387346799488,elevated
fault_eng_301,sensor_drift_301,180.0,189.5,0.34361475599621394,False,0.9966896176338196,0.0033103814348578453,none,0.020672302693128586,0.014767552725970745,0.014526020735502243,0.005010074935853481,0.017911648377776146,0.01424209401011467,0.019652942195534706,0.011089816689491272,5.932215213775635,4.700634956359863,7.27326774597168,76.65794372558594,12_missing_values_imputed; rail_pressure_bar_out_of_range,False,none,False,False,False,False,False,False,False,False,,92.78324290319652,elevated
fault_eng_301,sensor_drift_301,185.0,194.5,0.2976648404568265,False,0.9954590201377869,0.0045409658923745155,none,0.02344474196434021,0.015412580221891403,0.06345902383327484,0.016034215688705444,0.03289143368601799,0.027943355962634087,0.03432726114988327,0.029593899846076965,5.411152362823486,4.222185134887695,6.595511436462402,74.93404388427734,12_missing_values_imputed; rail_pressure_bar_out_of_range,False,none,False,False,False,False,False,False,False,False,,92.78262558792107,elevated
fault_eng_301,sensor_drift_301,190.0,199.5,0.3167292654804271,False,0.9961044192314148,0.0038955959025770426,none,0.018491866067051888,0.01125585287809372,0.045957300812006,0.012781092897057533,0.015927087515592575,0.021733852103352547,0.02916964702308178,0.01996212638914585,5.444375038146973,4.282827377319336,6.6848320960998535,75.23252868652344,12_missing_values_imputed; rail_pressure_bar_out_of_range,False,none,False,False,False,False,False,False,False,False,,92.78203476756588,elevated
fault_eng_301,sensor_drift_301,195.0,204.5,0.24479240449762565,False,0.9959308505058289,0.00406914995983243,none,0.020281746983528137,0.010967823676764965,0.028821421787142754,0.012333080172538757,0.023161396384239197,0.01881704293191433,0.02488156035542488,0.018462050706148148,5.097739219665527,3.9514193534851074,6.309032917022705,74.74789428710938,12_missing_values_imputed; rail_pressure_bar_out_of_range,False,none,False,False,False,False,False,False,False,False,,92.78141910934268,elevated
fault_eng_301,sensor_drift_301,200.0,209.5,0.2655617910076095,False,0.9923473000526428,0.00765271857380867,none,0.03116954118013382,0.022508718073368073,0.03401104733347893,0.02506633661687374,0.04703223705291748,0.027856439352035522,0.05337268114089966,0.03557208180427551,5.2663140296936035,4.147309303283691,6.510586738586426,76.08221435546875,12_missing_values_imputed; rail_pressure_bar_out_of_range,False,none,False,False,False,False,False,False,False,False,,92.78080190666437,elevated
fault_eng_301,sensor_drift_301,205.0,214.5,0.45780855575576423,False,0.9858026504516602,0.014197362586855888,sensor_drift; bearing_fault,0.0,0.0,0.0,0.0,1.0,1.0,0.0,1.0,81425808.0,66368468.0,107865040.0,100.0,12_missing_values_imputed; rail_pressure_bar_out_of_range,False,none,False,False,False,False,False,False,False,False,,92.78020179931188,elevated
fault_eng_301,sensor_drift_301,210.0,219.5,0.4321794636152457,False,0.9829117655754089,0.017088208347558975,sensor_drift; overheating; bearing_fault,0.0,0.0,0.0,0.0,1.0,1.0,0.0,1.0,70717552.0,57224736.0,96298128.0,100.0,12_missing_values_imputed; rail_pressure_bar_out_of_range,False,none,False,False,False,False,False,False,False,False,,92.77959421783896,elevated
fault_eng_301,sensor_drift_301,215.0,224.5,0.29190375262450885,False,0.9912335276603699,0.008766470476984978,none,0.024532107636332512,0.017724115401506424,0.01375232171267271,0.025304630398750305,0.04667936637997627,0.025513751432299614,0.04170937463641167,0.03227138891816139,5.516000270843506,4.2880144119262695,6.850808143615723,77.55874633789062,12_missing_values_imputed; rail_pressure_bar_out_of_range,False,none,False,False,False,False,False,False,False,False,,92.77897456578168,elevated
fault_eng_301,sensor_drift_301,220.0,229.5,0.45182118245631764,False,0.9848018288612366,0.015198168344795704,none,0.058599747717380524,0.05224417522549629,0.020511122420430183,0.02061288058757782,0.05548350512981415,0.06046992912888527,0.05642087012529373,0.04620105028152466,5.613107204437256,4.321169853210449,7.097884178161621,77.26937103271484,12_missing_values_imputed; rail_pressure_bar_out_of_range,False,none,False,False,False,False,False,False,False,False,,92.77833383102168,elevated
fault_eng_301,sensor_drift_301,225.0,234.5,0.3574553567849367,False,0.9916509985923767,0.008348973467946053,none,0.012001078575849533,0.013026607222855091,0.00323877134360373,0.008971774950623512,0.016595901921391487,0.017299123108386993,0.014612141065299511,0.0132015785202384,5.235297679901123,4.16424036026001,6.563878059387207,75.2421646118164,12_missing_values_imputed; rail_pressure_bar_out_of_range,False,none,False,False,False,False,False,False,False,False,,92.77769768107376,elevated
fault_eng_301,sensor_drift_301,230.0,239.5,0.25227403611505417,False,0.9941083192825317,0.005891697481274605,none,0.029490098357200623,0.019364356994628906,0.03421364352107048,0.022226007655262947,0.03865513578057289,0.03302354738116264,0.029767675325274467,0.03132963925600052,5.080962181091309,3.8861570358276367,6.282323837280273,73.75828552246094,12_missing_values_imputed; rail_pressure_bar_out_of_range,False,none,False,False,False,False,False,False,False,False,,92.77706799978128,elevated
fault_eng_301,sensor_drift_301,235.0,244.5,0.26022489091050716,False,0.9962900280952454,0.003709960961714387,none,0.016018366441130638,0.010710210539400578,0.008391361683607101,0.009317540563642979,0.014924698509275913,0.011856405064463615,0.0243830643594265,0.012878427281975746,5.1694016456604,3.9437167644500732,6.44347620010376,75.85418701171875,12_missing_values_imputed; rail_pressure_bar_out_of_range,False,none,False,False,False,False,False,False,False,False,,92.7764482183396,elevated
fault_eng_301,sensor_drift_301,240.0,249.5,0.3399299634806859,False,0.9987309575080872,0.0012690471485257149,none,0.00910255964845419,0.006373492069542408,0.006246709264814854,0.002325385110452771,0.0057494449429214,0.005242088343948126,0.012784192338585854,0.005762592423707247,4.920470714569092,3.755408525466919,6.337795257568359,79.15034484863281,12_missing_values_imputed; rail_pressure_bar_out_of_range,False,none,False,False,False,False,False,False,False,False,,92.77582297702124,elevated
fault_eng_301,sensor_drift_301,245.0,254.5,0.2671895276802433,False,0.9906756281852722,0.00932434294372797,none,0.015630438923835754,0.013202356174588203,0.005533193703740835,0.0078007495030760765,0.019111111760139465,0.018339328467845917,0.01477859541773796,0.014293619431555271,5.135234832763672,3.9879908561706543,6.508581161499023,75.54312896728516,12_missing_values_imputed; rail_pressure_bar_out_of_range,False,none,False,False,False,False,False,False,False,False,,92.77518263061432,elevated
fault_eng_301,sensor_drift_301,250.0,259.5,0.34804733601190163,False,0.9932963848114014,0.006703590042889118,none,0.022936327382922173,0.024129822850227356,0.013109889812767506,0.011084008030593395,0.03860386833548546,0.04214416816830635,0.020733671262860298,0.023659080266952515,5.477070331573486,4.2622599601745605,6.819958209991455,74.08526611328125,12_missing_values_imputed; rail_pressure_bar_out_of_range,False,none,False,False,False,False,False,False,False,False,,92.77453965059672,elevated
fault_eng_301,sensor_drift_301,255.0,264.5,0.31270807233236064,False,0.9922030568122864,0.007796950172632933,none,0.028387021273374557,0.02243572659790516,0.0100944172590971,0.01927701011300087,0.031056543812155724,0.024104109033942223,0.04254385456442833,0.028129220008850098,5.587214469909668,4.286251068115234,7.062821865081787,76.26483917236328,12_missing_values_imputed; rail_pressure_bar_out_of_range,False,none,False,False,False,False,False,False,False,False,,92.77390146687844,elevated
fault_eng_301,sensor_drift_301,260.0,269.5,0.2999446507158042,False,0.9964708089828491,0.00352921593002975,none,0.021035514771938324,0.014188211411237717,0.013705389574170113,0.01321764662861824,0.01697523333132267,0.020105283707380295,0.02876412309706211,0.019798211753368378,5.215003490447998,4.058333396911621,6.537700653076172,76.27972412109375,12_missing_values_imputed; rail_pressure_bar_out_of_range,False,none,False,False,False,False,False,False,False,False,,92.77329984017142,elevated
fault_eng_301,sensor_drift_301,265.0,274.5,0.2694865881697569,False,0.9933450222015381,0.0066549996845424175,none,0.02753058448433876,0.01849011890590191,0.026517175137996674,0.02163528837263584,0.024470148608088493,0.026902785524725914,0.03574642911553383,0.02908976562321186,5.230245590209961,4.141637802124023,6.397747039794922,74.64545440673828,12_missing_values_imputed; rail_pressure_bar_out_of_range,False,none,False,False,False,False,False,False,False,False,,92.77268926934846,elevated
fault_eng_301,sensor_drift_301,270.0,279.5,0.24941633230256355,False,0.9954736828804016,0.004526342730969191,none,0.03086785227060318,0.020360413938760757,0.029447317123413086,0.02389676310122013,0.040546126663684845,0.03331353887915611,0.03445890173316002,0.03332124650478363,5.056403160095215,3.926456928253174,6.160510063171387,74.81587219238281,12_missing_values_imputed; rail_pressure_bar_out_of_range,False,none,False,False,False,False,False,False,False,False,,92.7720651171977,elevated
fault_eng_301,sensor_drift_301,275.0,284.5,0.2286653032243505,False,0.995799720287323,0.004200292285531759,none,0.017978422343730927,0.012118206359446049,0.006801698822528124,0.016440633684396744,0.012256383895874023,0.012729465961456299,0.023991262540221214,0.015566897578537464,5.236961364746094,4.138448715209961,6.434591293334961,75.42997741699219,12_missing_values_imputed; rail_pressure_bar_out_of_range,False,none,False,False,False,False,False,False,False,False,,92.77143934568916,elevated
fault_eng_301,sensor_drift_301,280.0,289.5,0.27924323993075606,False,0.9977144598960876,0.002285568742081523,none,0.006215847097337246,0.0034809208009392023,0.016612034291028976,0.0019583790563046932,0.006020319648087025,0.005266666878014803,0.015545735135674477,0.004526742734014988,4.9939069747924805,3.8858442306518555,6.275119781494141,77.79692077636719,12_missing_values_imputed; rail_pressure_bar_out_of_range,False,none,False,False,False,False,False,False,False,False,,92.77084212292108,elevated
fault_eng_301,sensor_drift_301,285.0,294.5,0.26255043797218863,False,0.9929344058036804,0.0070655979216098785,none,0.02435692399740219,0.020239703357219696,0.03447989001870155,0.011144024319946766,0.026381269097328186,0.037104494869709015,0.037668369710445404,0.024825049564242363,4.908364295959473,3.8246009349823,6.184946060180664,76.88137817382812,12_missing_values_imputed; rail_pressure_bar_out_of_range,False,none,False,False,False,False,False,False,False,False,,92.77021276868147,elevated
fault_eng_301,sensor_drift_301,290.0,299.5,0.3593454654099192,False,0.9962600469589233,0.003739980049431324,none,0.012854523956775665,0.009990283288061619,0.0036160151939839125,0.004916968289762735,0.013119833543896675,0.010109160095453262,0.018138132989406586,0.010022911243140697,5.064102649688721,3.8264169692993164,6.520071983337402,79.0630111694336,12_missing_values_imputed; rail_pressure_bar_out_of_range,False,none,False,False,False,False,False,False,False,False,,92.76957508139054,elevated
fault_eng_301,sensor_drift_301,295.0,304.5,0.347709295084277,False,0.9915080070495605,0.008491993881762028,none,0.024843189865350723,0.02386324480175972,0.008264141157269478,0.007483446039259434,0.017535118386149406,0.017674202099442482,0.022713348269462585,0.017987465485930443,5.188421726226807,4.071130275726318,6.552985668182373,75.22178649902344,12_missing_values_imputed; rail_pressure_bar_out_of_range,False,none,False,False,False,False,False,False,False,False,,92.76891400703016,elevated
fault_eng_301,sensor_drift_301,300.0,309.5,0.31716918062670296,False,0.9919083714485168,0.008091648109257221,none,0.050041500478982925,0.041580867022275925,0.023248648270964622,0.013463625684380531,0.05768807604908943,0.0565180741250515,0.027531886473298073,0.04067864641547203,5.215083122253418,4.134629249572754,6.483443260192871,73.9775390625,12_missing_values_imputed; rail_pressure_bar_out_of_range,False,none,False,False,False,False,False,False,False,False,,92.76824920216028,elevated
fault_eng_301,sensor_drift_301,305.0,314.5,0.24020714429679657,False,0.9911074638366699,0.008892523124814034,none,0.07521563023328781,0.050582434982061386,0.02827852964401245,0.03144543245434761,0.03584092855453491,0.039255931973457336,0.0578245148062706,0.04775939881801605,4.698071479797363,3.595930576324463,5.98095703125,73.22189331054688,12_missing_values_imputed; rail_pressure_bar_out_of_range,False,none,False,False,False,False,False,False,False,False,,92.76758932323426,elevated
fault_eng_301,sensor_drift_301,310.0,319.5,0.2907912039157553,False,0.9970171451568604,0.0029828629922121763,none,0.008688564412295818,0.00719568133354187,0.00318868737667799,0.0054984684102237225,0.00574840372428298,0.00949039589613676,0.014005832374095917,0.007127492688596249,4.964320659637451,3.8320703506469727,6.273494243621826,74.55583953857422,12_missing_values_imputed; rail_pressure_bar_out_of_range,False,none,False,False,False,False,False,False,False,False,,92.76697577053142,elevated
fault_eng_301,sensor_drift_301,315.0,324.5,0.20331727425108054,False,0.9979559779167175,0.0020440123043954372,none,0.018101472407579422,0.010555178858339787,0.015835000202059746,0.007268706802278757,0.016064586117863655,0.014678308740258217,0.019967306405305862,0.013558361679315567,5.006705284118652,3.866452693939209,6.259084224700928,77.050537109375,12_missing_values_imputed; rail_pressure_bar_out_of_range,False,none,False,False,False,False,False,False,False,False,,92.76633352786276,elevated
fault_eng_301,sensor_drift_301,320.0,329.5,0.2723790934523854,False,0.9927257299423218,0.007274252828210592,none,0.023336980491876602,0.015981700271368027,0.008594935759902,0.011373358778655529,0.013854335062205791,0.014072978869080544,0.028087737038731575,0.015681428834795952,4.872776508331299,3.7624549865722656,6.174472808837891,75.5518798828125,12_missing_values_imputed; rail_pressure_bar_out_of_range,False,none,False,False,False,False,False,False,False,False,,92.76568924127322,elevated
fault_eng_301,sensor_drift_301,325.0,334.5,0.3144253714806968,False,0.9918549656867981,0.008145015686750412,none,0.03657139837741852,0.03313286602497101,0.015138667076826096,0.01053895615041256,0.03152574226260185,0.03320883587002754,0.03254902735352516,0.03069269098341465,5.05246114730835,3.9574134349823,6.315151691436768,75.40906524658203,12_missing_values_imputed; rail_pressure_bar_out_of_range,False,none,False,False,False,False,False,False,False,False,,92.76504076712465,elevated
fault_eng_301,sensor_drift_301,330.0,339.5,0.3318135383178427,False,0.9949116706848145,0.00508833397179842,none,0.019067436456680298,0.018745943903923035,0.007963030599057674,0.009159243665635586,0.02406986616551876,0.03868228942155838,0.016683561727404594,0.019649069756269455,5.227381229400635,4.135109901428223,6.522945404052734,74.00470733642578,12_missing_values_imputed; rail_pressure_bar_out_of_range,False,none,False,False,False,False,False,False,False,False,,92.76441488388387,elevated
fault_eng_301,sensor_drift_301,335.0,344.5,0.23266338334982395,False,0.9934707880020142,0.006529201753437519,none,0.05583630129694939,0.02832764759659767,0.038210101425647736,0.033862531185150146,0.03874224051833153,0.03947697952389717,0.04702599719166756,0.042969364672899246,5.325531482696533,4.188057899475098,6.550594806671143,76.14886474609375,12_missing_values_imputed; rail_pressure_bar_out_of_range,False,none,False,False,False,False,False,False,False,False,,92.76379794714867,elevated
fault_eng_301,sensor_drift_301,340.0,349.5,0.24481579807627207,False,0.9941937327384949,0.005806238856166601,none,0.037935953587293625,0.018956230953335762,0.0314512774348259,0.02366013638675213,0.025327010080218315,0.025131717324256897,0.04046327993273735,0.028018631041049957,5.278875350952148,4.160711765289307,6.4530029296875,75.05709075927734,12_missing_values_imputed; rail_pressure_bar_out_of_range,False,none,False,False,False,False,False,False,False,False,,92.763183943557,elevated
fault_eng_301,sensor_drift_301,345.0,354.5,0.20961617777406336,False,0.9962621927261353,0.0037377914413809776,none,0.015279671177268028,0.009594769217073917,0.0207822322845459,0.00686152558773756,0.009760348126292229,0.013374250382184982,0.02355257049202919,0.010644880123436451,5.009141445159912,4.016319274902344,6.140791893005371,73.83477783203125,12_missing_values_imputed; rail_pressure_bar_out_of_range,False,none,False,False,False,False,False,False,False,False,,92.76257258949788,elevated
fault_eng_301,sensor_drift_301,350.0,359.5,0.17541984869077026,False,0.9940444827079773,0.005955541972070932,none,0.023304633796215057,0.014985678717494011,0.01900140754878521,0.011502834036946297,0.019124923273921013,0.02043670415878296,0.026247408241033554,0.01752781867980957,4.80091667175293,3.794945001602173,5.89713191986084,74.8545150756836,12_missing_values_imputed; rail_pressure_bar_out_of_range,False,none,False,False,False,False,False,False,False,False,,92.76196098638172,elevated
fault_eng_301,sensor_drift_301,355.0,364.5,0.1470793979694566,False,0.9975100159645081,0.00248996214941144,none,0.023511821404099464,0.01432545855641365,0.015510180033743382,0.015143197029829025,0.022523485124111176,0.017108475789427757,0.02563418261706829,0.019592342898249626,5.054031848907471,3.982607364654541,6.188946723937988,75.63057708740234,12_missing_values_imputed; rail_pressure_bar_out_of_range,False,none,False,False,False,False,False,False,False,False,,92.7613573146143,elevated
fault_eng_301,sensor_drift_301,360.0,369.5,0.237665275197236,False,0.9925838112831116,0.007416161242872477,none,0.021733393892645836,0.01472968515008688,0.016162121668457985,0.016411466524004936,0.0192961934953928,0.022052781656384468,0.03235195204615593,0.02086685225367546,5.243424892425537,4.188150405883789,6.483174800872803,75.4857406616211,12_missing_values_imputed; rail_pressure_bar_out_of_range,False,none,False,False,False,False,False,False,False,False,,92.76074878236412,elevated
fault_eng_301,sensor_drift_301,365.0,374.5,0.12551891210382415,False,0.9960334300994873,0.003966568969190121,none,0.03182350844144821,0.015886012464761734,0.08194519579410553,0.012284766882658005,0.026506083086133003,0.03110797330737114,0.0339256189763546,0.02476232871413231,5.165077209472656,4.07163143157959,6.335318565368652,75.59310913085938,12_missing_values_imputed; rail_pressure_bar_out_of_range,False,none,False,False,False,False,False,False,False,False,,92.76013585878154,elevated
fault_eng_301,sensor_drift_301,370.0,379.5,0.2045998971228993,False,0.9963448643684387,0.0036551458761096,none,0.01613502763211727,0.01050486508756876,0.009167192503809929,0.00836293213069439,0.017073702067136765,0.014060039073228836,0.020386839285492897,0.012869271449744701,4.829309940338135,3.8373570442199707,5.932430744171143,75.40434265136719,12_missing_values_imputed; rail_pressure_bar_out_of_range,False,none,False,False,False,False,False,False,False,False,,92.75952195578532,elevated
fault_eng_301,sensor_drift_301,375.0,384.5,0.21478158027761524,False,0.9972949028015137,0.002705120015889406,none,0.019411763176321983,0.01146316435188055,0.024132156744599342,0.00793822668492794,0.017551878467202187,0.018039731308817863,0.025724148377776146,0.014986108988523483,4.944056034088135,3.9107043743133545,6.033976078033447,75.42807006835938,12_missing_values_imputed; rail_pressure_bar_out_of_range,False,none,False,False,False,False,False,False,False,False,,92.75890425623874,elevated
fault_eng_301,sensor_drift_301,380.0,389.5,0.20967736691716304,False,0.9956656098365784,0.004334367346018553,none,0.0335678793489933,0.019689910113811493,0.036055292934179306,0.01825571246445179,0.03819477930665016,0.028646493330597878,0.04319990426301956,0.03093600831925869,4.88977575302124,3.873962640762329,5.939101696014404,73.75184631347656,12_missing_values_imputed; rail_pressure_bar_out_of_range,False,none,False,False,False,False,False,False,False,False,,92.75827625052598,elevated
fault_eng_301,sensor_drift_301,385.0,394.5,0.22688621093993894,False,0.9973915219306946,0.002608473412692547,none,0.015425711870193481,0.008452909998595715,0.029111584648489952,0.006921553984284401,0.013354362919926643,0.01261867955327034,0.02382763661444187,0.011652467772364616,4.929688453674316,3.899773120880127,6.09465217590332,74.49702453613281,12_missing_values_imputed; rail_pressure_bar_out_of_range,False,none,False,False,False,False,False,False,False,False,,92.75766571705428,elevated
fault_eng_301,sensor_drift_301,390.0,399.5,0.28898804379849435,False,0.9972866773605347,0.0027133256662636995,none,0.033668629825115204,0.019219301640987396,0.028433028608560562,0.013326689600944519,0.03277580812573433,0.029102616012096405,0.03584568202495575,0.028339823707938194,5.0327277183532715,3.938875436782837,6.278985977172852,78.89100646972656,12_missing_values_imputed; rail_pressure_bar_out_of_range,False,none,False,False,False,False,False,False,False,False,,92.75703172279668,elevated
fault_eng_301,sensor_drift_301,395.0,404.5,0.2084135895169558,False,0.9959235787391663,0.004076430108398199,none,0.02412364073097706,0.01847408525645733,0.009876124560832977,0.012482133693993092,0.027547147125005722,0.025465993210673332,0.030746595934033394,0.02250768058001995,4.871142864227295,3.815880298614502,6.0724639892578125,76.61561584472656,12_missing_values_imputed; rail_pressure_bar_out_of_range,False,none,False,False,False,False,False,False,False,False,,92.75639229548077,elevated
fault_eng_301,sensor_drift_301,400.0,409.5,0.21742279030940553,False,0.9977672696113586,0.0022327322512865067,none,0.017254173755645752,0.011739376932382584,0.013826011680066586,0.00555346067994833,0.010252539999783039,0.015438665635883808,0.020533762872219086,0.011643541976809502,4.805389404296875,3.788252592086792,6.007929801940918,77.1988525390625,12_missing_values_imputed; rail_pressure_bar_out_of_range,False,none,False,False,False,False,False,False,False,False,,92.75577845769504,elevated
fault_eng_301,sensor_drift_301,405.0,414.5,0.22130028425665615,False,0.9979707598686218,0.002029225928708911,none,0.019615240395069122,0.01116812601685524,0.02174084261059761,0.007016690913587809,0.01572410948574543,0.016287099570035934,0.021185455843806267,0.013861052691936493,4.80670690536499,3.7267212867736816,5.900073051452637,76.19970703125,12_missing_values_imputed; rail_pressure_bar_out_of_range,False,none,False,False,False,False,False,False,False,False,,92.7551635443452,elevated
fault_eng_301,sensor_drift_301,410.0,419.5,0.2092315596633331,False,0.995993435382843,0.004006537143141031,none,0.01679830625653267,0.010826565325260162,0.023113131523132324,0.006916062440723181,0.016949081793427467,0.017494291067123413,0.025540510192513466,0.01388711016625166,4.807149410247803,3.8226945400238037,5.913143634796143,75.28094482421875,12_missing_values_imputed; rail_pressure_bar_out_of_range,False,none,False,False,False,False,False,False,False,False,,92.75454816477732,elevated
fault_eng_301,sensor_drift_301,415.0,424.5,0.269022938868858,False,0.9961344003677368,0.0038655828684568405,none,0.02772877924144268,0.020120253786444664,0.00784886721521616,0.013623642735183239,0.016118913888931274,0.021250613033771515,0.030493639409542084,0.02191685326397419,4.947613716125488,3.8820154666900635,6.198122024536133,77.98839569091797,12_missing_values_imputed; rail_pressure_bar_out_of_range,False,none,False,False,False,False,False,False,False,False,,92.75391759691531,elevated
fault_eng_301,sensor_drift_301,420.0,429.5,0.14432378455115208,False,0.9974491000175476,0.0025508771650493145,none,0.012822270393371582,0.009695258922874928,0.004696528427302837,0.004437951371073723,0.007019458804279566,0.010335450991988182,0.015733905136585236,0.008612183853983879,4.579539775848389,3.5966529846191406,5.772544860839844,74.53245544433594,12_missing_values_imputed; rail_pressure_bar_out_of_range,False,none,False,False,False,False,False,False,False,False,,92.7532983449913,elevated
fault_eng_301,sensor_drift_301,425.0,434.5,0.16148884403454405,False,0.9980617165565491,0.0019382658647373319,none,0.013480990193784237,0.009104619733989239,0.004192668944597244,0.005654452834278345,0.013904745690524578,0.011045975610613823,0.013716706074774265,0.010205273516476154,4.963576793670654,3.8793506622314453,6.172428131103516,75.5390396118164,12_missing_values_imputed; rail_pressure_bar_out_of_range,False,none,False,False,False,False,False,False,False,False,,92.75267742269412,elevated
fault_eng_301,sensor_drift_301,430.0,439.5,0.001835371134802699,False,0.996662974357605,0.0033370384480804205,none,0.01912003383040428,0.014705311506986618,0.013356511481106281,0.006773192435503006,0.011523883789777756,0.013129696249961853,0.016399908810853958,0.011861344799399376,5.5915913581848145,4.518521308898926,6.734716892242432,74.57292175292969,12_missing_values_imputed; rail_pressure_bar_out_of_range,False,none,False,False,False,False,False,False,False,False,,92.75206107415232,elevated
fault_eng_301,sensor_drift_301,435.0,444.5,0.1909460509082586,False,0.9956042766571045,0.004395696800202131,none,0.012153265997767448,0.006733262445777655,0.013940718024969101,0.005730648525059223,0.007702484726905823,0.010783030651509762,0.01756630651652813,0.008446557447314262,5.423501491546631,4.339415550231934,6.763552188873291,75.18164825439453,12_missing_values_imputed; rail_pressure_bar_out_of_range,False,none,False,False,False,False,False,False,False,False,,92.75146472394168,elevated
fault_eng_301,sensor_drift_301,440.0,449.5,0.23346627556227906,False,0.9977259635925293,0.002274008933454752,none,0.014711000956594944,0.009485260583460331,0.02263779565691948,0.006272556260228157,0.010835837572813034,0.015013697557151318,0.021055757999420166,0.011508761905133724,4.888198375701904,3.841662883758545,6.018098831176758,75.56622314453125,12_missing_values_imputed; rail_pressure_bar_out_of_range,False,none,False,False,False,False,False,False,False,False,,92.7508593884434,elevated
fault_eng_301,sensor_drift_301,445.0,454.5,0.18381853163371883,False,0.99559485912323,0.0044051604345440865,none,0.020901251584291458,0.0125940116122365,0.013608412817120552,0.01164714153856039,0.022990578785538673,0.014001453295350075,0.024774502962827682,0.016827445477247238,5.247377395629883,4.141038417816162,6.448115348815918,74.29949951171875,12_missing_values_imputed; rail_pressure_bar_out_of_range,False,none,False,False,False,False,False,False,False,False,,92.75024233500206,elevated
fault_eng_301,sensor_drift_301,450.0,459.5,0.010831231251358986,False,0.9960474371910095,0.003952543251216412,none,0.02625046856701374,0.01908213458955288,0.019016318023204803,0.009031538851559162,0.020928286015987396,0.018336545675992966,0.020511358976364136,0.016808200627565384,5.616674900054932,4.551684856414795,6.756504535675049,74.28376007080078,12_missing_values_imputed; rail_pressure_bar_out_of_range,False,none,False,False,False,False,False,False,False,False,,92.74961799346524,elevated
fault_eng_301,sensor_drift_301,455.0,464.5,0.039197773789055645,False,0.9978015422821045,0.002198451431468129,none,0.014802510850131512,0.01172549370676279,0.008313477970659733,0.004117494914680719,0.010028854943811893,0.010604305192828178,0.011845226399600506,0.008615685626864433,5.733678817749023,4.678389549255371,6.888676643371582,74.31617736816406,12_missing_values_imputed; rail_pressure_bar_out_of_range,False,none,False,False,False,False,False,False,False,False,,92.7489730882373,elevated
fault_eng_301,sensor_drift_301,460.0,469.5,0.23196226976522916,False,0.9977196455001831,0.002280357526615262,none,0.01583421230316162,0.010098058730363846,0.011550938710570335,0.0036993606481701136,0.008088861592113972,0.011563952080905437,0.017755266278982162,0.008580068126320839,4.9056620597839355,3.8780713081359863,6.206905364990234,76.60781860351562,12_missing_values_imputed; rail_pressure_bar_out_of_range,False,none,False,False,False,False,False,False,False,False,,92.74834606307948,elevated
fault_eng_301,sensor_drift_301,465.0,474.5,0.33350405405368067,False,0.9976721405982971,0.0023278333246707916,none,0.012286745011806488,0.01176606584340334,0.001213671755976975,0.004556537605822086,0.006318821106106043,0.009426363743841648,0.01086284127086401,0.008636829443275928,4.941993236541748,3.914292812347412,6.162174224853516,77.78802490234375,12_missing_values_imputed; rail_pressure_bar_out_of_range,False,none,False,False,False,False,False,False,False,False,,92.74771792722116,elevated
fault_eng_301,sensor_drift_301,470.0,479.5,0.21378602692183007,False,0.9980080127716064,0.001991989091038704,none,0.014772278256714344,0.011901387944817543,0.0035114118363708258,0.003662389237433672,0.009595412760972977,0.011148497462272644,0.010600273497402668,0.009268034249544144,4.960263729095459,3.9623029232025146,6.140096664428711,74.68753814697266,12_missing_values_imputed; rail_pressure_bar_out_of_range,False,none,False,False,False,False,False,False,False,False,,92.7470912403122,elevated
fault_eng_301,sensor_drift_301,475.0,484.5,0.23659703949055036,False,0.9978071451187134,0.0021928707137703896,none,0.006910527125000954,0.005868169013410807,0.0016569249564781785,0.001873555826023221,0.0037120855413377285,0.005137027241289616,0.008494398556649685,0.004104592837393284,5.007533073425293,3.9622135162353516,6.29782772064209,74.9973373413086,12_missing_values_imputed; rail_pressure_bar_out_of_range,False,none,False,False,False,False,False,False,False,False,,92.74646618421018,elevated
fault_eng_301,sensor_drift_301,480.0,489.5,0.23372027916166416,False,0.9977896213531494,0.002210400765761733,none,0.013881084509193897,0.01126818172633648,0.003740598214790225,0.003540400182828307,0.006357218138873577,0.008973351679742336,0.01370671670883894,0.008111534640192986,4.888640880584717,3.838491678237915,6.141780853271484,75.17242431640625,12_missing_values_imputed; rail_pressure_bar_out_of_range,False,none,False,False,False,False,False,False,False,False,,92.74582662854418,elevated
fault_eng_301,sensor_drift_301,485.0,494.5,0.25137195103149085,False,0.9972227811813354,0.002777228830382228,none,0.012507667765021324,0.009890991263091564,0.001147306989878416,0.005416355095803738,0.008839981630444527,0.011109317652881145,0.01140191312879324,0.009466391988098621,5.059427261352539,4.053862571716309,6.324969291687012,75.84430694580078,12_missing_values_imputed; rail_pressure_bar_out_of_range,False,none,False,False,False,False,False,False,False,False,,92.7452035395455,elevated
fault_eng_301,sensor_drift_301,490.0,499.5,0.14707317392638578,False,0.9983246922492981,0.0016753161326050758,none,0.016487780958414078,0.010332291945815086,0.009279307909309864,0.005084507167339325,0.01305102463811636,0.013527166098356247,0.01607849821448326,0.011507166549563408,5.021636009216309,4.026148319244385,6.122493743896484,74.99147033691406,12_missing_values_imputed; rail_pressure_bar_out_of_range,False,none,False,False,False,False,False,False,False,False,,92.74459319778416,elevated
fault_eng_301,sensor_drift_301,495.0,504.5,0.2238614814867108,False,0.9978442788124084,0.002155733061954379,none,0.014742804691195488,0.010851995088160038,0.003402336034923792,0.004827888682484627,0.009283455088734627,0.01050558965653181,0.015193728730082512,0.009828041307628155,4.98892068862915,3.9957680702209473,6.181255340576172,74.53028869628906,12_missing_values_imputed; rail_pressure_bar_out_of_range,False,none,False,False,False,False,False,False,False,False,,92.74397767276947,elevated
fault_eng_301,sensor_drift_301,500.0,509.5,0.21536727447546636,False,0.9983302354812622,0.0016697738319635391,none,0.012239615432918072,0.009385175071656704,0.002119689714163542,0.003235022071748972,0.00811108946800232,0.008798071183264256,0.00905943289399147,0.007491199299693108,5.218245983123779,4.233100414276123,6.388388156890869,75.31535339355469,12_missing_values_imputed; rail_pressure_bar_out_of_range,False,none,False,False,False,False,False,False,False,False,,92.74336563509549,elevated
fault_eng_301,sensor_drift_301,505.0,514.5,0.003085106727667153,False,0.9976242780685425,0.0023757265880703926,none,0.01870226114988327,0.015581300482153893,0.006816412787884474,0.0034508821554481983,0.012422013096511364,0.01244016457349062,0.010611191391944885,0.009787604212760925,5.666688442230225,4.633798122406006,6.846171855926514,76.39764404296875,12_missing_values_imputed; rail_pressure_bar_out_of_range,False,none,False,False,False,False,False,False,False,False,,92.74275324169452,elevated
fault_eng_301,sensor_drift_301,510.0,519.5,0.14616250709313633,False,0.996958315372467,0.0030416962690651417,none,0.009854322299361229,0.008409235626459122,0.007312722969800234,0.002422889694571495,0.005749736912548542,0.011359144002199173,0.007831215858459473,0.005679077003151178,5.4497456550598145,4.380508899688721,6.7425336837768555,74.05460357666016,12_missing_values_imputed; rail_pressure_bar_out_of_range,False,none,False,False,False,False,False,False,False,False,,92.74214937401868,elevated
fault_eng_301,sensor_drift_301,515.0,524.5,0.1888385511359534,False,0.9971880316734314,0.0028119832277297974,none,0.013027649372816086,0.010088910348713398,0.02077941596508026,0.0037475936114788055,0.010671503841876984,0.01947653479874134,0.013111425563693047,0.008202576078474522,5.705296039581299,4.449001312255859,6.988849639892578,75.23295593261719,12_missing_values_imputed; rail_pressure_bar_out_of_range,False,none,False,False,False,False,False,False,False,False,,92.74152960385088,elevated
fault_eng_301,sensor_drift_301,520.0,529.5,0.10404209326952696,False,0.9973211288452148,0.0026788816321641207,none,0.013112382963299751,0.011507394723594189,0.005167098715901375,0.0036656688898801804,0.008251735009253025,0.01382281444966793,0.010309054516255856,0.007369884755462408,5.677772045135498,4.549477577209473,6.766212463378906,75.5281982421875,12_missing_values_imputed; rail_pressure_bar_out_of_range,False,none,False,False,False,False,False,False,False,False,,92.74091530574094,elevated
fault_eng_301,sensor_drift_301,525.0,534.5,0.11871824227273464,False,0.9981396794319153,0.001860311720520258,none,0.005687158089131117,0.005375799722969532,0.001745467889122665,0.0014366598334163427,0.003486023750156164,0.005788892973214388,0.005633826833218336,0.0031786966137588024,5.506800174713135,4.469030380249023,6.561182975769043,74.36100769042969,12_missing_values_imputed; rail_pressure_bar_out_of_range,False,none,False,False,False,False,False,False,False,False,,92.74030016253673,elevated
fault_eng_301,sensor_drift_301,530.0,539.5,0.16973265163466367,False,0.9986988306045532,0.0013011612463742495,none,0.0045938920229673386,0.004944831598550081,0.0013550098519772291,0.0007537704659625888,0.0036921740975230932,0.0035022683441638947,0.005396279040724039,0.0022721034474670887,5.8304443359375,4.602402687072754,7.035726547241211,74.68482971191406,12_missing_values_imputed; rail_pressure_bar_out_of_range,False,none,False,False,False,False,False,False,False,False,,92.73968244578587,elevated
fault_eng_301,sensor_drift_301,535.0,544.5,0.18619384154897892,False,0.9985834360122681,0.0014165822649374604,none,0.00831227470189333,0.00776678416877985,0.0028156274929642677,0.0013148172292858362,0.006364442408084869,0.0042670713737607,0.007816044613718987,0.004329793620854616,5.670594215393066,4.726097583770752,6.603765487670898,74.38172912597656,12_missing_values_imputed; rail_pressure_bar_out_of_range,False,none,False,False,False,False,False,False,False,False,,92.73906514059266,elevated
fault_eng_301,sensor_drift_301,540.0,549.5,0.1990894174796853,False,0.9986380934715271,0.0013619179371744394,none,0.005029967520385981,0.004934926051646471,0.001050376333296299,0.0009606517269276083,0.0030633483547717333,0.004096406977623701,0.0034680115059018135,0.0031084218062460423,5.134158611297607,4.111745357513428,6.213232517242432,71.87261199951172,12_missing_values_imputed; rail_pressure_bar_out_of_range,False,none,False,False,False,False,False,False,False,False,,92.73844869721336,elevated
fault_eng_301,sensor_drift_301,545.0,554.5,0.17477944388628236,False,0.997358500957489,0.0026415183674544096,none,0.012506706640124321,0.008645406924188137,0.003110885852947831,0.0018192424904555082,0.007254342548549175,0.0061738379299640656,0.007650952320545912,0.0058876206167042255,5.228372097015381,4.245891094207764,6.257456302642822,73.88934326171875,12_missing_values_imputed; rail_pressure_bar_out_of_range,False,none,False,False,False,False,False,False,False,False,,92.73787470796036,elevated
fault_eng_301,sensor_drift_301,550.0,559.5,0.13448367733508348,False,0.9963945746421814,0.003605452599003911,none,0.01560367364436388,0.011195790953934193,0.006606258451938629,0.004116075579077005,0.01820014789700508,0.013723041862249374,0.015928665176033974,0.009377406910061836,5.504201889038086,4.484212875366211,6.5232954025268555,75.3443603515625,12_missing_values_imputed; rail_pressure_bar_out_of_range,False,none,False,False,False,False,False,False,False,False,,92.7373288737957,elevated
fault_eng_301,sensor_drift_301,555.0,564.5,0.18658769434566952,False,0.9990375638008118,0.0009624629165045917,none,0.004356245510280132,0.0034803124144673347,0.0014236816205084324,0.0005205963971093297,0.0035719650331884623,0.002457041759043932,0.004565385635942221,0.0017606918700039387,5.456239700317383,4.354331016540527,6.522455215454102,73.18809509277344,12_missing_values_imputed; rail_pressure_bar_out_of_range,True,sensor_drift,False,False,False,False,True,False,False,False,,92.73679442517152,elevated
fault_eng_301,sensor_drift_301,560.0,569.5,0.23115418469147392,False,0.946505069732666,0.05349491536617279,sensor_drift,0.01559873204678297,0.0022595913615077734,0.004825169686228037,0.0009708122233860195,0.9496047496795654,0.00803940650075674,0.006537359673529863,0.01975751481950283,3.6021180152893066,2.7819228172302246,4.4301910400390625,30.121307373046875,12_missing_values_imputed; rail_pressure_bar_out_of_range,True,sensor_drift,False,False,False,False,True,False,False,False,,92.73625825268336,elevated
fault_eng_301,sensor_drift_301,565.0,574.5,0.5238107373263257,True,0.34084242582321167,0.6591575741767883,sensor_drift,0.031937986612319946,0.006079824175685644,0.01646159030497074,0.0024705820251256227,0.9896878600120544,0.034342627972364426,0.011226714588701725,0.06391777843236923,3.440349578857422,2.7333104610443115,4.247407913208008,24.17554473876953,12_missing_values_imputed; rail_pressure_bar_out_of_range,True,sensor_drift,False,False,False,False,True,False,False,False,,92.7357476911192,elevated
fault_eng_301,sensor_drift_301,570.0,579.5,0.19014149409648212,False,0.957934558391571,0.042065419256687164,none,0.00798609759658575,0.0023351081181317568,0.00486006448045373,0.0012493582908064127,0.7668487429618835,0.012951146811246872,0.011704334057867527,0.006940475199371576,4.062009811401367,3.241701126098633,4.919419288635254,32.103389739990234,12_missing_values_imputed; rail_pressure_bar_out_of_range,False,none,False,False,False,False,False,False,False,False,,92.73526456008156,elevated
fault_eng_301,sensor_drift_301,575.0,584.5,0.15331201371736825,False,0.9939781427383423,0.0060218321159482,none,0.0012273752363398671,4.7798104787943885e-05,0.0002600128354970366,7.010823901509866e-05,0.8117181658744812,0.00034028300433419645,0.0012924167094752192,0.0005396997439675033,3.149505138397217,2.462280750274658,3.943995475769043,17.968914031982422,12_missing_values_imputed; rail_pressure_bar_out_of_range,False,none,False,False,False,False,False,False,False,False,,92.7348054549132,elevated
fault_eng_301,sensor_drift_301,580.0,589.5,0.3262929469347,False,0.6794673800468445,0.3205326199531555,sensor_drift,0.03542185574769974,0.0004847326490562409,0.0005705704679712653,0.000421766220824793,0.9703291654586792,0.0005608481005765498,0.0013089877320453525,0.004343097563832998,2.9499285221099854,2.40496826171875,3.5834476947784424,9.029772758483887,12_missing_values_imputed; rail_pressure_bar_out_of_range,False,none,False,False,False,False,False,False,False,False,,92.73435130944485,elevated
fault_eng_301,sensor_drift_301,585.0,594.5,0.6284491121768951,True,0.1300925612449646,0.8699074387550354,sensor_drift,0.19775475561618805,0.00508616678416729,0.005330324172973633,0.0033947904594242573,0.9817346930503845,0.004590114578604698,0.0046841916628181934,0.0718054547905922,2.6341042518615723,2.1234498023986816,3.174027442932129,11.738774299621582,12_missing_values_imputed; rail_pressure_bar_out_of_range,False,none,False,False,False,False,False,False,False,False,,92.73390012672122,elevated
fault_eng_301,sensor_drift_301,590.0,599.5,0.6200156211853027,True,0.14542615413665771,0.8545738458633423,sensor_drift,0.4867238700389862,0.0016287032049149275,0.0041528367437422276,0.005372656974941492,0.9719155430793762,0.0014463471015915275,0.00430493988096714,0.07956404238939285,1.9847444295883179,1.4988561868667603,2.5948870182037354,12.605026245117188,12_missing_values_imputed; rail_pressure_bar_out_of_range,True,sensor_drift,False,False,False,False,True,False,False,False,,92.73344997014622,elevated
fault_eng_301,sensor_drift_301,595.0,604.5,0.6689806282520294,True,0.05639892816543579,0.9436010718345642,sensor_drift,0.025332164019346237,0.00566191878169775,0.016529185697436333,0.0014882157556712627,0.9960809350013733,0.022557314485311508,0.011005720123648643,0.0924668237566948,3.58355712890625,2.902005672454834,4.377298355102539,23.684764862060547,12_missing_values_imputed; rail_pressure_bar_out_of_range,True,sensor_drift,False,False,False,False,True,False,False,False,,92.7330044280489,elevated
fault_eng_301,sensor_drift_301,600.0,609.5,0.25072604417800903,False,0.5441344976425171,0.4558655321598053,none,0.20907841622829437,0.289215087890625,0.3828239440917969,0.10307364910840988,0.832756519317627,0.5848881006240845,0.11074966937303543,0.5122756361961365,5.446838855743408,4.472757339477539,6.481145858764648,72.99549102783203,12_missing_values_imputed; rail_pressure_bar_out_of_range,True,sensor_drift,False,False,False,False,True,False,False,False,,92.73255815598252,elevated
fault_eng_301,sensor_drift_301,605.0,614.5,0.5941878259181976,True,0.19238579273223877,0.8076142072677612,sensor_drift,0.04216238111257553,0.0004449574917089194,0.0038862687069922686,0.0009884622413665056,0.9968133568763733,0.003355870023369789,0.003785300999879837,0.05101010203361511,2.8144290447235107,2.141418933868408,3.585911989212036,18.302780151367188,12_missing_values_imputed; rail_pressure_bar_out_of_range,True,sensor_drift,False,False,False,False,True,False,False,False,,92.73212132375396,elevated
fault_eng_301,sensor_drift_301,610.0,619.5,0.6658673584461212,True,0.06205940246582031,0.9379405975341797,sensor_drift,0.00833801832050085,0.001215181895531714,0.00674736313521862,0.0003709512820933014,0.9983622431755066,0.008401744067668915,0.005018577910959721,0.03744082525372505,3.3953375816345215,2.790598154067993,4.202498435974121,16.57573890686035,12_missing_values_imputed; rail_pressure_bar_out_of_range,True,sensor_drift,False,False,False,False,True,False,False,False,,92.73167494022348,elevated
fault_eng_301,sensor_drift_301,615.0,624.5,0.39514729008078575,False,0.30165231227874756,0.6983476877212524,none,0.1994827538728714,0.3749054968357086,0.5168640613555908,0.06930633634328842,0.8431006669998169,0.6300812363624573,0.09210000932216644,0.5250769853591919,5.384664535522461,4.364834308624268,6.405527114868164,72.96432495117188,12_missing_values_imputed; rail_pressure_bar_out_of_range,True,sensor_drift,False,False,False,False,True,False,False,False,,92.73120171526696,elevated
fault_eng_301,sensor_drift_301,620.0,629.5,0.04862338677048683,False,0.9696291089057922,0.030370915308594704,none,0.04003795608878136,0.03659982234239578,0.031787045300006866,0.014155654236674309,0.0748569443821907,0.053463250398635864,0.05342014506459236,0.037486132234334946,5.376601219177246,4.36156702041626,6.411181449890137,73.0841064453125,12_missing_values_imputed; rail_pressure_bar_out_of_range,False,none,False,False,False,False,False,False,False,False,,92.73074613926303,elevated
fault_eng_301,sensor_drift_301,625.0,634.5,0.2681033983826637,False,0.7852665781974792,0.21473343670368195,sensor_drift,0.006730074528604746,0.0010305979521945119,0.006980645935982466,0.0009382161078974605,0.986122190952301,0.009486734867095947,0.008768620900809765,0.016451556235551834,3.5708999633789062,2.8853845596313477,4.397620677947998,20.630359649658203,12_missing_values_imputed; rail_pressure_bar_out_of_range,False,none,False,False,False,False,False,False,False,False,,92.73028755259512,elevated
fault_eng_301,sensor_drift_301,630.0,639.5,0.15128081385046244,False,0.9976712465286255,0.0023287415970116854,none,0.00015619235637132078,2.3454400434275158e-05,3.8734764530090615e-05,1.632353632885497e-05,0.06112471967935562,9.065937774721533e-05,0.0005261354381218553,5.406411219155416e-05,4.2353620529174805,3.487441062927246,5.199838638305664,21.497617721557617,12_missing_values_imputed; rail_pressure_bar_out_of_range,False,none,False,False,False,False,False,False,False,False,,92.7298447208627,elevated
fault_eng_301,sensor_drift_301,635.0,644.5,0.0021936234552413225,False,0.9960116147994995,0.003988406155258417,none,0.00407495116814971,0.003246517386287451,0.0026172080542892218,0.0009645468089729548,0.004003608133643866,0.003964191768318415,0.007690517697483301,0.0028043531347066164,5.549557685852051,4.521336078643799,6.6041340827941895,75.66427612304688,12_missing_values_imputed; rail_pressure_bar_out_of_range,False,none,False,False,False,False,False,False,False,False,,92.72938857691628,elevated
fault_eng_301,sensor_drift_301,640.0,649.5,0.08215522766113281,False,0.8506268262863159,0.1493731439113617,none,0.20922595262527466,0.24684445559978485,0.32198694348335266,0.08637826889753342,0.6363450884819031,0.5031694173812866,0.12476348876953125,0.3539403975009918,5.462467193603516,4.469974517822266,6.4570512771606445,72.22937774658203,12_missing_values_imputed; rail_pressure_bar_out_of_range,True,sensor_drift,False,False,False,False,True,False,False,False,,92.72889552183018,elevated
fault_eng_301,sensor_drift_301,645.0,654.5,0.03910093382000923,False,0.9289073944091797,0.07109260559082031,none,0.1383788287639618,0.13530148565769196,0.16063787043094635,0.04695230722427368,0.4128638505935669,0.23323966562747955,0.09707672894001007,0.18965499103069305,5.324347972869873,4.351980209350586,6.334646224975586,72.80013275146484,12_missing_values_imputed; rail_pressure_bar_out_of_range,True,sensor_drift,False,False,False,False,True,False,False,False,,92.72843320363,elevated
fault_eng_301,sensor_drift_301,650.0,659.5,0.4274297058582306,False,0.2228550910949707,0.7771449089050293,sensor_drift,0.1858903020620346,0.3733265697956085,0.4528619945049286,0.06327623873949051,0.880027174949646,0.6793943643569946,0.06636853516101837,0.5674707293510437,5.349040508270264,4.373291969299316,6.346531391143799,73.67572021484375,12_missing_values_imputed; rail_pressure_bar_out_of_range,True,sensor_drift,False,False,False,False,True,False,False,False,,92.7279570795182,elevated
fault_eng_301,sensor_drift_301,655.0,664.5,0.6693781912326813,True,0.055676043033599854,0.9443239569664001,sensor_drift,0.020460788160562515,0.004541369155049324,0.019791152328252792,0.0010792819084599614,0.9964247345924377,0.024576915428042412,0.007318689022213221,0.09317948669195175,3.3714871406555176,2.690950870513916,4.1874799728393555,24.394983291625977,12_missing_values_imputed; rail_pressure_bar_out_of_range,True,sensor_drift,False,False,False,False,True,False,False,False,,92.72750823080884,elevated
fault_eng_301,sensor_drift_301,660.0,669.5,0.6422244608402252,True,0.10504645109176636,0.8949535489082336,sensor_drift,0.011217421852052212,0.003200365463271737,0.017088232561945915,0.00098973058629781,0.9956746697425842,0.022779256105422974,0.01027390081435442,0.05006328970193863,3.8612937927246094,3.2044262886047363,4.695606231689453,22.283462524414062,12_missing_values_imputed; rail_pressure_bar_out_of_range,True,sensor_drift,False,False,False,False,True,False,False,False,,92.72705974883212,elevated
fault_eng_301,sensor_drift_301,665.0,674.5,0.5901399999856949,True,0.049589335918426514,0.9504106640815735,sensor_drift,0.1788151115179062,0.37358981370925903,0.46940872073173523,0.042371105402708054,0.9152047038078308,0.6192145347595215,0.055594660341739655,0.5838878154754639,5.4164018630981445,4.384434223175049,6.462039947509766,73.48323059082031,12_missing_values_imputed; rail_pressure_bar_out_of_range,True,sensor_drift,False,False,False,False,True,False,False,False,,92.72661508462664,elevated
fault_eng_301,sensor_drift_301,670.0,679.5,0.26807595044374466,False,0.7853164672851562,0.21468353271484375,sensor_drift,0.002537456341087818,0.00019999478536192328,0.0021703969687223434,0.00017284312343690544,0.9940748810768127,0.002034191507846117,0.0026556600350886583,0.005327142309397459,3.252213478088379,2.5989534854888916,4.068536758422852,14.573325157165527,12_missing_values_imputed; rail_pressure_bar_out_of_range,False,none,False,False,False,False,False,False,False,False,,92.72614526717749,elevated
fault_eng_301,sensor_drift_301,675.0,684.5,0.35437406599521637,False,0.628410816192627,0.37158918380737305,sensor_drift,0.002026289701461792,0.00011643459583865479,0.0012955674901604652,0.00012105493078706786,0.9946742057800293,0.0019434504210948944,0.0017646999331191182,0.0031383961904793978,3.2817864418029785,2.64959454536438,4.115944862365723,9.792304992675781,12_missing_values_imputed; rail_pressure_bar_out_of_range,False,none,False,False,False,False,False,False,False,False,,92.72569833578991,elevated
fault_eng_301,sensor_drift_301,680.0,689.5,0.37447746098041534,False,0.5918592214584351,0.40814080834388733,sensor_drift,0.0038553564809262753,0.00031693687196820974,0.002459776820614934,0.00027444027364254,0.9918777942657471,0.003144630463793874,0.0030529971700161695,0.005922032054513693,3.232053279876709,2.6320767402648926,3.986215829849243,12.424152374267578,12_missing_values_imputed; rail_pressure_bar_out_of_range,False,none,False,False,False,False,False,False,False,False,,92.72526863324192,elevated
fault_eng_301,sensor_drift_301,685.0,694.5,0.1515497377840802,False,0.997182309627533,0.0028176940977573395,none,0.00024606622173450887,3.81231693609152e-05,6.0995935200480744e-05,2.9890210498706438e-05,0.0794084444642067,0.0001709925854811445,0.0008108283509500325,9.178263280773535e-05,3.959514617919922,3.203691005706787,4.811149597167969,21.980466842651367,12_missing_values_imputed; rail_pressure_bar_out_of_range,False,none,False,False,False,False,False,False,False,False,,92.72484342687528,elevated
fault_eng_301,sensor_drift_301,690.0,699.5,0.0707859005779028,False,0.9212430715560913,0.07875694334506989,none,0.07960747927427292,0.07908890396356583,0.08559920638799667,0.03342394530773163,0.2662280797958374,0.1923123151063919,0.08209482580423355,0.11200439929962158,5.540313243865967,4.497612476348877,6.609556198120117,73.0301513671875,12_missing_values_imputed; rail_pressure_bar_out_of_range,True,sensor_drift,False,False,False,False,True,False,False,False,,92.72442280306018,elevated
fault_eng_301,sensor_drift_301,695.0,704.5,0.4509955048561096,False,0.1800081729888916,0.8199918270111084,none,0.23141327500343323,0.42676302790641785,0.5754833817481995,0.0487331748008728,0.8390438556671143,0.620155394077301,0.06475847214460373,0.5278878211975098,5.379909992218018,4.388667106628418,6.361902236938477,73.1979751586914,12_missing_values_imputed; rail_pressure_bar_out_of_range,True,sensor_drift,False,False,False,False,True,False,False,False,,92.7239628835332,elevated
fault_eng_301,sensor_drift_301,700.0,709.5,0.6768839061260223,True,0.04202926158905029,0.9579707384109497,sensor_drift,0.004376595839858055,0.0004263547598384321,0.0042634685523808,0.00014186785847414285,0.9991812109947205,0.005360274575650692,0.0029172238428145647,0.02227402664721012,3.272916316986084,2.6419100761413574,4.103015422821045,12.912001609802246,12_missing_values_imputed; rail_pressure_bar_out_of_range,True,sensor_drift,False,False,False,False,True,False,False,False,,92.72347826442584,elevated
fault_eng_301,sensor_drift_301,705.0,714.5,0.6929437852826567,True,0.016280055046081543,0.9837199449539185,sensor_drift,0.0015057570999488235,0.0002057810634141788,0.003948623780161142,5.45824077562429e-05,0.9985167384147644,0.002394547453150153,0.0018643110524863005,0.004966148175299168,4.47206449508667,3.630007743835449,5.619124412536621,16.711044311523438,12_missing_values_imputed; rail_pressure_bar_out_of_range,True,sensor_drift,False,False,False,False,True,False,False,False,,92.723050944372,elevated
fault_eng_301,sensor_drift_301,710.0,719.5,0.535578329116106,True,0.04688185453414917,0.9531181454658508,none,0.12832434475421906,0.3211841583251953,0.7580519318580627,0.03193528950214386,0.8538542985916138,0.7200806140899658,0.044207580387592316,0.4956972897052765,5.630050182342529,4.510688304901123,6.790143013000488,73.80978393554688,12_missing_values_imputed; rail_pressure_bar_out_of_range,True,sensor_drift,False,False,False,False,True,False,False,False,,92.72262994540614,elevated
fault_eng_301,sensor_drift_301,715.0,724.5,0.6892413198947906,True,0.019561290740966797,0.9804387092590332,sensor_drift,0.007195289712399244,0.0010600625537335873,0.009086956270039082,0.0002989517815876752,0.9985347986221313,0.011107108555734158,0.003837170312181115,0.03664178401231766,3.3625972270965576,2.677797555923462,4.2199296951293945,16.398784637451172,12_missing_values_imputed; rail_pressure_bar_out_of_range,True,sensor_drift,False,False,False,False,True,False,False,False,,92.7222223898936,elevated
fault_eng_301,sensor_drift_301,720.0,729.5,0.22575201805578335,False,0.9826814532279968,0.017318539321422577,none,0.0008606299525126815,5.550168134504929e-05,0.00032701139571145177,5.437527215690352e-05,0.65798419713974,0.0002524751762393862,0.0025604653637856245,0.0002522244758438319,4.150063991546631,3.4363317489624023,5.056365013122559,18.54794692993164,12_missing_values_imputed; rail_pressure_bar_out_of_range,False,none,False,False,False,False,False,False,False,False,,92.72172815281436,elevated
fault_eng_301,sensor_drift_301,725.0,734.5,0.05859252851223573,False,0.9995322823524475,0.0004677075194194913,none,0.0007079077768139541,0.0005565239116549492,0.00033513022935949266,0.00010313584061805159,0.00041868514381349087,0.00043533602729439735,0.0018116118153557181,0.0003644267562776804,5.460902690887451,4.390645503997803,6.4962592124938965,75.11415100097656,12_missing_values_imputed; rail_pressure_bar_out_of_range,False,none,False,False,False,False,False,False,False,False,,92.72121016541568,elevated
fault_eng_301,sensor_drift_301,730.0,739.5,0.150010924146045,False,0.9990126490592957,0.0009873700328171253,none,0.0005862371763214469,0.0005591001827269793,0.00023475498892366886,0.00014456019562203437,0.0004208896425552666,0.0005971802747808397,0.0015840582782402635,0.0004385473730508238,5.462936878204346,4.324459552764893,6.526163101196289,73.93778991699219,12_missing_values_imputed; rail_pressure_bar_out_of_range,False,none,False,False,False,False,False,False,False,False,,92.7207320351516,elevated
fault_eng_301,sensor_drift_301,735.0,744.5,0.15116661053616554,False,0.997878909111023,0.0021210992708802223,none,0.0017165507888421416,0.0016447531525045633,0.0009301667450927198,0.00035321814357303083,0.0012137359008193016,0.0016401666216552258,0.0033836946822702885,0.0012985089560970664,5.4052534103393555,4.273075580596924,6.576162815093994,74.22689056396484,12_missing_values_imputed; rail_pressure_bar_out_of_range,False,none,False,False,False,False,False,False,False,False,,92.72030254903628,elevated
fault_eng_301,sensor_drift_301,740.0,749.5,0.27203450309483035,False,0.8625711798667908,0.13742883503437042,none,0.036403510719537735,0.01073284912854433,0.035011257976293564,0.004284503869712353,0.8498873114585876,0.02634112909436226,0.037413761019706726,0.03624733164906502,4.026875972747803,3.181286334991455,4.877902984619141,38.39749526977539,12_missing_values_imputed; rail_pressure_bar_out_of_range,True,sensor_drift,False,False,False,False,True,False,False,False,,92.71979446061496,elevated
fault_eng_301,sensor_drift_301,745.0,754.5,0.32624472905300905,False,0.7294468283653259,0.2705531716346741,none,0.017006292939186096,0.009189868345856667,0.023651916533708572,0.0018587586237117648,0.846868634223938,0.023027976974844933,0.020890699699521065,0.018981480970978737,4.353342533111572,3.578824520111084,5.097862243652344,35.61357498168945,12_missing_values_imputed; rail_pressure_bar_out_of_range,True,sensor_drift,False,False,False,False,True,False,False,False,,92.71929679661308,elevated
fault_eng_301,sensor_drift_301,750.0,759.5,0.6839996581602334,True,0.06502771377563477,0.9349722862243652,sensor_drift,0.010807361453771591,0.00114063685759902,0.008017252199351788,0.00023741991026327014,0.9983320832252502,0.006626237649470568,0.0027123591862618923,0.0320594497025013,3.2386550903320312,2.5227785110473633,4.037643909454346,14.745305061340332,12_missing_values_imputed; rail_pressure_bar_out_of_range,True,sensor_drift,False,False,False,False,True,False,False,False,,92.71883241638118,elevated
fault_eng_301,sensor_drift_301,755.0,764.5,0.6916383673522594,True,0.10713440179824829,0.8928655982017517,sensor_drift,0.004800939001142979,0.0008663024054840207,0.00648353761062026,0.00013324024621397257,0.9945790767669678,0.005900811403989792,0.0027152628172188997,0.008416546508669853,4.390415191650391,3.5751986503601074,5.512689590454102,15.811356544494629,12_missing_values_imputed; rail_pressure_bar_out_of_range,True,sensor_drift,False,False,False,False,True,False,False,False,,92.71839553912268,elevated
fault_eng_301,sensor_drift_301,760.0,769.5,0.40759530663490295,False,0.2589176297187805,0.7410823702812195,none,0.1096658706665039,0.31565672159194946,0.5655598640441895,0.04684850201010704,0.7738193273544312,0.7694455981254578,0.06900004297494888,0.43920204043388367,5.273633003234863,4.312633991241455,6.27223014831543,73.84002685546875,12_missing_values_imputed; rail_pressure_bar_out_of_range,True,sensor_drift,False,False,False,False,True,False,False,False,,92.71797312965576,elevated
fault_eng_301,sensor_drift_301,765.0,774.5,0.5834963721593713,True,0.2555977702140808,0.7444022297859192,sensor_drift,0.02787819318473339,0.000809558026958257,0.004972747527062893,0.0005170117365196347,0.9975087642669678,0.0015311138704419136,0.003929135389626026,0.035852886736392975,2.893263101577759,2.25840163230896,3.7728912830352783,19.18905258178711,12_missing_values_imputed; rail_pressure_bar_out_of_range,True,sensor_drift,False,False,False,False,True,False,False,False,,92.71749999612624,elevated
fault_eng_301,sensor_drift_301,770.0,779.5,0.5691387829385446,True,0.29844820499420166,0.7015517950057983,sensor_drift,0.03863748162984848,0.0009326656581833959,0.002558662323281169,0.000724053883459419,0.9924301505088806,0.0016489335102960467,0.0042113205417990685,0.02050081081688404,2.671597957611084,2.15205717086792,3.449650764465332,10.758166313171387,12_missing_values_imputed; rail_pressure_bar_out_of_range,False,none,False,False,False,False,False,False,False,False,,92.7169997600532,elevated
fault_eng_301,sensor_drift_301,775.0,784.5,0.21522531363687322,False,0.9796783924102783,0.020321637392044067,none,0.002750279614701867,0.0005069653852842748,0.0013017148012295365,0.00017589979688636959,0.43668296933174133,0.0017552977660670877,0.0023567024618387222,0.0015659707132726908,3.8801615238189697,3.0393803119659424,4.830491065979004,28.539018630981445,12_missing_values_imputed; rail_pressure_bar_out_of_range,False,none,False,False,False,False,False,False,False,False,,92.71656288357735,elevated
fault_eng_301,sensor_drift_301,780.0,789.5,0.08029470616020262,False,0.9966945648193359,0.00330541655421257,none,0.003694893792271614,0.003862097393721342,0.0020957731176167727,0.0006833571242168546,0.004226930905133486,0.0035306380596011877,0.007865323685109615,0.0026221205480396748,5.633296489715576,4.512153625488281,6.737992763519287,75.48472595214844,12_missing_values_imputed; rail_pressure_bar_out_of_range,False,none,False,False,False,False,False,False,False,False,,92.71609148748873,elevated
fault_eng_301,sensor_drift_301,785.0,794.5,0.0736847051884979,False,0.9952028393745422,0.004797167610377073,none,0.0036738947965204716,0.0034843001049011946,0.002277972176671028,0.000836472085211426,0.003137950086966157,0.004221821669489145,0.007372177205979824,0.0029479365330189466,5.395856857299805,4.34267520904541,6.515134811401367,74.95178985595703,12_missing_values_imputed; rail_pressure_bar_out_of_range,False,none,False,False,False,False,False,False,False,False,,92.71565532669588,elevated
fault_eng_301,sensor_drift_301,790.0,799.5,0.24652380496263504,False,0.6952261924743652,0.3047737777233124,none,0.17320944368839264,0.24199490249156952,0.42426276206970215,0.055137161165475845,0.5545398592948914,0.5140029788017273,0.10352824628353119,0.30145058035850525,5.4888763427734375,4.447537422180176,6.605088233947754,74.98356628417969,12_missing_values_imputed; rail_pressure_bar_out_of_range,True,sensor_drift,False,False,False,False,True,False,False,False,,92.7152338367292,elevated
fault_eng_301,sensor_drift_301,795.0,804.5,0.697163850069046,True,0.0051566362380981445,0.9948433637619019,sensor_drift,0.04710733890533447,0.0003879882278852165,0.003057090099900961,0.00038622337160632014,0.9981060028076172,0.0021524715702980757,0.002464474178850651,0.03657115623354912,2.5667529106140137,1.929011344909668,3.28674054145813,12.5555419921875,12_missing_values_imputed; rail_pressure_bar_out_of_range,True,sensor_drift,False,False,False,False,True,False,False,False,,92.71482891284136,elevated
fault_eng_301,sensor_drift_301,800.0,809.5,0.2661186137328357,False,0.9096970558166504,0.09030291438102722,sensor_drift,0.0011730169644579291,7.071198342600837e-05,0.0005879435339011252,4.9651425797492266e-05,0.8879616260528564,0.00038734613917768,0.0021069340873509645,0.00036955616087652743,4.510369777679443,3.813504219055176,5.415186882019043,15.826464653015137,12_missing_values_imputed; rail_pressure_bar_out_of_range,True,sensor_drift,False,False,False,False,True,False,False,False,,92.7143250601371,elevated
fault_eng_301,sensor_drift_301,805.0,814.5,0.5644729733467102,True,0.1281646490097046,0.8718353509902954,none,0.11719512939453125,0.4959747791290283,0.6134918332099915,0.026780037209391594,0.7525772452354431,0.6663287281990051,0.05852970853447914,0.45178693532943726,5.480142593383789,4.425771713256836,6.499444484710693,74.33143615722656,12_missing_values_imputed; rail_pressure_bar_out_of_range,True,sensor_drift,False,False,False,False,True,False,False,False,,92.7137983701424,elevated
fault_eng_301,sensor_drift_301,810.0,819.5,0.6703953777697265,True,0.08731108903884888,0.9126889109611511,sensor_drift,0.06377886980772018,0.030635952949523926,0.08716880530118942,0.0034808595664799213,0.9889634847640991,0.036718033254146576,0.023967161774635315,0.16945256292819977,4.1768574714660645,3.4132285118103027,4.960615634918213,35.20222091674805,12_missing_values_imputed; rail_pressure_bar_out_of_range,True,sensor_drift,False,False,False,False,True,False,False,False,,92.7132885639385,elevated
fault_eng_301,sensor_drift_301,815.0,824.5,0.6625742937040783,True,0.11456477642059326,0.8854352235794067,sensor_drift,0.05202551558613777,0.01803218200802803,0.06585564464330673,0.0019278739346191287,0.9885655045509338,0.02379036322236061,0.019598042592406273,0.09381227195262909,4.043551921844482,3.3412675857543945,4.785636901855469,26.738386154174805,12_missing_values_imputed; rail_pressure_bar_out_of_range,True,sensor_drift,False,False,False,False,True,False,False,False,,92.71278727704372,elevated
fault_eng_301,sensor_drift_301,820.0,829.5,0.18936032971404435,False,0.9695329070091248,0.030467115342617035,none,0.002693201880902052,0.0009540229220874608,0.002051735296845436,0.0002647391811478883,0.21307474374771118,0.0021191986743360758,0.005167397670447826,0.0013961762888357043,4.265841007232666,3.5275213718414307,5.019907474517822,31.46843719482422,12_missing_values_imputed; rail_pressure_bar_out_of_range,False,none,False,False,False,False,False,False,False,False,,92.71230436375176,elevated
fault_eng_301,sensor_drift_301,825.0,834.5,0.09711881351540796,False,0.9994444847106934,0.0005555355455726385,none,0.0006813661893829703,0.0005682852352038026,0.0002670241519808769,9.817229874897748e-05,0.0004764915502164513,0.0003948158409912139,0.0016516768373548985,0.00039925763849169016,5.683383464813232,4.6678009033203125,6.671725273132324,75.78900146484375,12_missing_values_imputed; rail_pressure_bar_out_of_range,False,none,False,False,False,False,False,False,False,False,,92.71183869867706,elevated
fault_eng_301,sensor_drift_301,830.0,839.5,0.08407433690548889,False,0.999477744102478,0.0005222641630098224,none,0.0004121471429243684,0.00045038299867883325,0.00019533078011590987,7.994143379619345e-05,0.00032275234116241336,0.00047410305705852807,0.001079285517334938,0.00034674530616030097,5.391417026519775,4.321393013000488,6.541432857513428,73.25997161865234,12_missing_values_imputed; rail_pressure_bar_out_of_range,False,none,False,False,False,False,False,False,False,False,,92.71138877290748,elevated
fault_eng_301,sensor_drift_301,835.0,844.5,0.19956210429552274,False,0.9732649326324463,0.026735084131360054,none,0.0021620874758809805,0.00019560009241104126,0.0011106848251074553,0.00013906974345445633,0.805997371673584,0.0006794804357923567,0.004532220773398876,0.0013174747582525015,3.522946357727051,2.807650327682495,4.327954292297363,21.083526611328125,12_missing_values_imputed; rail_pressure_bar_out_of_range,False,none,False,False,False,False,False,False,False,False,,92.71089528843544,elevated
fault_eng_301,sensor_drift_301,840.0,849.5,0.5940618993888203,True,0.2645718455314636,0.7354281544685364,sensor_drift,0.006716286763548851,0.0017779809422791004,0.013393704779446125,0.00038141224649734795,0.992587149143219,0.007539641112089157,0.007707803510129452,0.013972043991088867,4.194983005523682,3.500399351119995,4.968600749969482,18.245176315307617,12_missing_values_imputed; rail_pressure_bar_out_of_range,True,sensor_drift,False,False,False,False,True,False,False,False,,92.71041160352996,elevated
fault_eng_301,sensor_drift_301,845.0,854.5,0.18999316543340683,False,0.8839648962020874,0.1160350888967514,none,0.0665026605129242,0.1461659073829651,0.15774528682231903,0.01707892119884491,0.37924909591674805,0.23853564262390137,0.052980635315179825,0.15176722407341003,5.409031391143799,4.339442253112793,6.449842929840088,73.547607421875,12_missing_values_imputed; rail_pressure_bar_out_of_range,True,sensor_drift,False,False,False,False,True,False,False,False,,92.70994647031834,elevated
fault_eng_301,sensor_drift_301,850.0,859.5,0.6795644549897384,True,0.11912035942077637,0.8808796405792236,sensor_drift,0.03885599970817566,0.014443854801356792,0.03930678218603134,0.0019930710550397635,0.9905023574829102,0.05692724138498306,0.014048084616661072,0.12800711393356323,3.7078936100006104,2.8821892738342285,4.59290885925293,31.716535568237305,12_missing_values_imputed; rail_pressure_bar_out_of_range,True,sensor_drift,False,False,False,False,True,False,False,False,,92.70949557410644,elevated
fault_eng_301,sensor_drift_301,855.0,864.5,0.6895314753055573,True,0.01903367042541504,0.980966329574585,sensor_drift,0.0306994691491127,0.015074249356985092,0.07122239470481873,0.0015620356425642967,0.9861871004104614,0.07175347954034805,0.01565086841583252,0.068490169942379,4.086851596832275,3.350386142730713,4.981334686279297,29.686752319335938,12_missing_values_imputed; rail_pressure_bar_out_of_range,True,sensor_drift,False,False,False,False,True,False,False,False,,92.7090626523926,elevated
fault_eng_301,sensor_drift_301,860.0,869.5,0.5845715440809727,True,0.041635870933532715,0.9583641290664673,none,0.13464853167533875,0.550376296043396,0.6462945342063904,0.018590731546282768,0.8081642389297485,0.7040989398956299,0.035413648933172226,0.5106148719787598,5.676360607147217,4.570700645446777,6.778656005859375,74.27082824707031,12_missing_values_imputed; rail_pressure_bar_out_of_range,True,sensor_drift,False,False,False,False,True,False,False,False,,92.70859605898004,elevated
fault_eng_301,sensor_drift_301,865.0,874.5,0.4458593108775699,False,0.48300570249557495,0.516994297504425,sensor_drift,0.05581996217370033,0.023196697235107422,0.09927321970462799,0.005261176731437445,0.9615791440010071,0.054665032774209976,0.0381380133330822,0.09405098110437393,4.013683795928955,3.222043037414551,4.764725685119629,38.28635787963867,12_missing_values_imputed; rail_pressure_bar_out_of_range,True,sensor_drift,False,False,False,False,True,False,False,False,,92.70811603106088,elevated
fault_eng_301,sensor_drift_301,870.0,879.5,0.1708829350403123,False,0.9833199977874756,0.016680026426911354,none,0.0017363878432661295,0.0007222290732897818,0.0011298238532617688,0.00017189086065627635,0.05564570426940918,0.0015450536739081144,0.0029934293124824762,0.0007801816100254655,4.468369960784912,3.648937463760376,5.325812816619873,35.83237838745117,12_missing_values_imputed; rail_pressure_bar_out_of_range,False,none,False,False,False,False,False,False,False,False,,92.70765714052524,elevated
fault_eng_301,sensor_drift_301,875.0,884.5,0.5932663004665146,True,0.28634583950042725,0.7136541604995728,sensor_drift,0.03285164386034012,0.00020905863493680954,0.0023832370061427355,0.00047012680443003774,0.99604731798172,0.0017434185137972236,0.0023789939004927874,0.0293711107224226,3.0861117839813232,2.3782401084899902,3.946309804916382,18.72739028930664,12_missing_values_imputed; rail_pressure_bar_out_of_range,False,none,False,False,False,False,False,False,False,False,,92.70721165994163,elevated
fault_eng_301,sensor_drift_301,880.0,889.5,0.5995817562371473,True,0.19372069835662842,0.8062793016433716,sensor_drift,0.04109552875161171,0.000887095055077225,0.003867608495056629,0.00033852955675683916,0.9938790798187256,0.001075316802598536,0.003169024595990777,0.015541085973381996,2.9033188819885254,2.3862874507904053,3.5168521404266357,7.81502628326416,12_missing_values_imputed; rail_pressure_bar_out_of_range,False,none,False,False,False,False,False,False,False,False,,92.7067553902706,elevated
fault_eng_301,sensor_drift_301,885.0,894.5,0.282709460539591,False,0.9973393082618713,0.002660718047991395,none,0.00035408171243034303,9.691474406281486e-05,4.899570922134444e-05,7.831651601009071e-05,0.0055413153022527695,0.00020960430265404284,0.001079143607057631,0.00013405611389316618,3.8476383686065674,3.0693178176879883,4.862957954406738,38.242156982421875,12_missing_values_imputed; rail_pressure_bar_out_of_range,False,none,False,False,False,False,False,False,False,False,,92.70628605492372,elevated
fault_eng_301,sensor_drift_301,890.0,899.5,0.5107918583993029,True,0.8199517726898193,0.18004824221134186,none,0.01179637759923935,0.020905042067170143,0.47969451546669006,0.002596641657873988,0.10125146806240082,0.04964464530348778,0.012286276556551456,0.030224982649087906,5.572174549102783,4.236166000366211,7.16306209564209,71.33808898925781,12_missing_values_imputed; rail_pressure_bar_out_of_range,True,sensor_drift,False,False,False,False,True,False,False,False,,92.70584845908988,elevated
fault_eng_301,sensor_drift_301,895.0,904.5,0.779398604543117,True,0.03527200222015381,0.9647279977798462,none,0.17649458348751068,0.4489646553993225,0.779350221157074,0.11392149329185486,0.7019885182380676,0.5679144859313965,0.06142427399754524,0.5355509519577026,6.0768561363220215,4.743831634521484,7.408430099487305,76.47019958496094,12_missing_values_imputed; rail_pressure_bar_out_of_range,True,sensor_drift,False,False,False,False,True,False,False,False,,92.7054253824697,elevated
fault_eng_301,sensor_drift_301,900.0,909.5,0.5937573815692279,True,0.009397268295288086,0.9906027317047119,none,0.12879137694835663,0.4474129378795624,0.6445906162261963,0.08942802250385284,0.8340157270431519,0.6126450300216675,0.04310279339551926,0.5843807458877563,6.13505220413208,4.913971900939941,7.415790557861328,77.53801727294922,12_missing_values_imputed; rail_pressure_bar_out_of_range,True,sensor_drift,False,False,False,False,True,False,False,False,,92.705026323474,elevated
fault_eng_301,sensor_drift_301,905.0,914.5,0.5834897391019978,True,0.00043851137161254883,0.9995614886283875,none,0.17401732504367828,0.610670268535614,0.49579280614852905,0.0735364556312561,0.8324410915374756,0.47186094522476196,0.023753544315695763,0.6432036757469177,5.9280548095703125,4.750395774841309,7.191154479980469,77.54586791992188,12_missing_values_imputed; rail_pressure_bar_out_of_range,True,sensor_drift,False,False,False,False,True,False,False,False,,92.70464359300573,elevated
fault_eng_301,sensor_drift_301,910.0,919.5,0.5586249879518785,True,0.002817988395690918,0.9971820116043091,none,0.09674043953418732,0.5619096159934998,0.5385147929191589,0.07167458534240723,0.8602450489997864,0.6723379492759705,0.0257940161973238,0.6438329815864563,6.051097393035889,4.840203285217285,7.29051399230957,78.30583190917969,12_missing_values_imputed; rail_pressure_bar_out_of_range,True,sensor_drift,False,False,False,False,True,False,False,False,,92.70427732087444,elevated
fault_eng_301,sensor_drift_301,915.0,924.5,0.7169496300192942,True,0.001620650291442871,0.9983793497085571,sensor_drift,0.02442469820380211,0.004584821406751871,0.016392525285482407,0.0006704131374135613,0.9968885779380798,0.018170049414038658,0.009527032263576984,0.056898333132267,4.040106773376465,3.1387779712677,5.0506744384765625,24.943710327148438,12_missing_values_imputed; rail_pressure_bar_out_of_range,True,sensor_drift,False,False,False,False,True,False,False,False,,92.7039290557271,elevated
fault_eng_301,sensor_drift_301,920.0,929.5,0.7266536554096397,True,0.00795447826385498,0.992045521736145,sensor_drift,0.007440201938152313,0.0005742711946368217,0.002747375052422285,0.0001946515985764563,0.9981264472007751,0.0026166229508817196,0.002730300650000572,0.012366831302642822,3.6443259716033936,2.820465087890625,4.6056623458862305,14.88975715637207,12_missing_values_imputed; rail_pressure_bar_out_of_range,False,none,False,False,False,False,False,False,False,False,,92.70359221496408,elevated
fault_eng_301,sensor_drift_301,925.0,934.5,0.3666073475456135,False,0.661597490310669,0.33840253949165344,sensor_drift,0.001666187308728695,0.00016910395061131567,0.0015758563531562686,0.0001563030673423782,0.965361475944519,0.0020663735922425985,0.003951814956963062,0.0017265839269384742,4.121578693389893,3.2615575790405273,5.158021926879883,18.98242950439453,12_missing_values_imputed; rail_pressure_bar_out_of_range,False,none,False,False,False,False,False,False,False,False,,92.70326653072787,elevated
fault_eng_301,sensor_drift_301,930.0,939.5,0.1859222799539566,False,0.7038242816925049,0.2961757183074951,none,0.05132691562175751,0.0878908634185791,0.14349941909313202,0.033286452293395996,0.3245830833911896,0.1859862357378006,0.11558762192726135,0.13343510031700134,5.984653949737549,4.810922145843506,7.278655052185059,78.63688659667969,12_missing_values_imputed; rail_pressure_bar_out_of_range,False,none,False,False,False,False,False,False,False,False,,92.7029476211458,elevated
fault_eng_301,sensor_drift_301,935.0,944.5,0.49198788218200207,False,0.12546008825302124,0.8745399117469788,none,0.08304695039987564,0.28395766019821167,0.47216254472732544,0.06077021732926369,0.764020562171936,0.5971075892448425,0.07909029722213745,0.42356234788894653,6.0290021896362305,4.840732097625732,7.333034515380859,79.56929016113281,12_missing_values_imputed; rail_pressure_bar_out_of_range,False,none,False,False,False,False,False,False,False,False,,92.70263613309326,elevated
fault_eng_301,sensor_drift_301,940.0,949.5,0.25206226110458374,False,0.6821943521499634,0.317805677652359,none,0.07289955019950867,0.14618344604969025,0.17490175366401672,0.04254039004445076,0.48231756687164307,0.2942987084388733,0.10000739991664886,0.20323552191257477,5.854447841644287,4.605379104614258,7.140645503997803,78.08228302001953,12_missing_values_imputed; rail_pressure_bar_out_of_range,True,sensor_drift,False,False,False,False,True,False,False,False,,92.7023308563781,elevated
fault_eng_301,sensor_drift_301,945.0,954.5,0.7062602180608508,True,0.01730358600616455,0.9826964139938354,sensor_drift,0.00841401144862175,0.0012948013609275222,0.009491450153291225,0.0003898284339811653,0.9974445104598999,0.009180949069559574,0.005185699090361595,0.03019878827035427,3.6518285274505615,2.6982970237731934,4.732344627380371,23.838014602661133,12_missing_values_imputed; rail_pressure_bar_out_of_range,True,sensor_drift,False,False,False,False,True,False,False,False,,92.70202343635808,elevated
fault_eng_301,sensor_drift_301,950.0,959.5,0.7022652891000855,True,0.014271557331085205,0.9857284426689148,sensor_drift,0.004868285730481148,0.0008707577362656593,0.00932243186980486,0.0003213571908418089,0.9961081147193909,0.008920906111598015,0.006267847027629614,0.01443259697407484,4.1411871910095215,3.247795581817627,5.1756391525268555,21.108379364013672,12_missing_values_imputed; rail_pressure_bar_out_of_range,True,sensor_drift,False,False,False,False,True,False,False,False,,92.70172471154784,elevated
fault_eng_301,sensor_drift_301,955.0,964.5,0.6129311472177505,True,0.1238335371017456,0.8761664628982544,none,0.06531735509634018,0.33520591259002686,0.48989102244377136,0.05418921634554863,0.775809645652771,0.6988703012466431,0.05188169330358505,0.45921453833580017,5.826624393463135,4.626916885375977,7.0958709716796875,77.78312683105469,12_missing_values_imputed; rail_pressure_bar_out_of_range,True,sensor_drift,False,False,False,False,True,False,False,False,,92.70143107865012,elevated
fault_eng_301,sensor_drift_301,960.0,969.5,0.5998564660549164,True,0.002879619598388672,0.9971203804016113,none,0.06313788145780563,0.5074888467788696,0.6100830435752869,0.031209224835038185,0.8552139401435852,0.8055341839790344,0.022074537351727486,0.5833494067192078,5.7751874923706055,4.62824010848999,7.07669734954834,77.82035827636719,12_missing_values_imputed; rail_pressure_bar_out_of_range,True,sensor_drift,False,False,False,False,True,False,False,False,,92.701137869878,elevated
fault_eng_301,sensor_drift_301,965.0,974.5,0.6197144091129303,True,0.005762934684753418,0.9942370653152466,none,0.054247334599494934,0.4680591821670532,0.6517841219902039,0.04270116239786148,0.8221736550331116,0.8346275091171265,0.026912380009889603,0.5778387188911438,5.959641933441162,4.754429340362549,7.288908004760742,78.790283203125,12_missing_values_imputed; rail_pressure_bar_out_of_range,True,sensor_drift,False,False,False,False,True,False,False,False,,92.7008443800254,elevated
fault_eng_301,sensor_drift_301,970.0,979.5,0.6206984519958496,True,0.1441846489906311,0.8558153510093689,sensor_drift,0.002611184259876609,0.0002710302942432463,0.004555875901132822,0.0001590694155311212,0.9964945912361145,0.00374907860532403,0.0030869804322719574,0.007685948628932238,3.6523125171661377,2.705749034881592,4.755137920379639,20.593217849731445,12_missing_values_imputed; rail_pressure_bar_out_of_range,False,none,False,False,False,False,False,False,False,False,,92.70055507367262,elevated
fault_eng_301,sensor_drift_301,975.0,984.5,0.1621492300182581,False,0.9779105186462402,0.02208949811756611,none,0.00015371607150882483,1.1771524441428483e-05,7.708610064582899e-05,1.0117449164681602e-05,0.32635000348091125,0.00011162158625666052,0.0007298162672668695,5.114763916935772e-05,4.145597457885742,3.2560715675354004,5.274721622467041,18.41378402709961,12_missing_values_imputed; rail_pressure_bar_out_of_range,False,none,False,False,False,False,False,False,False,False,,92.70026350897793,elevated
fault_eng_301,sensor_drift_301,980.0,989.5,0.4945778250694275,False,0.37349486351013184,0.6265051364898682,sensor_drift,0.030780961737036705,0.01092236302793026,0.039384353905916214,0.004623060580343008,0.9023113250732422,0.04942082241177559,0.034743115305900574,0.04377960413694382,4.435699939727783,3.421035051345825,5.53920841217041,43.588497161865234,12_missing_values_imputed; rail_pressure_bar_out_of_range,False,none,False,False,False,False,False,False,False,False,,92.6999717274725,elevated
fault_eng_301,sensor_drift_301,985.0,994.5,0.6497394144535065,True,0.09138292074203491,0.9086170792579651,sensor_drift,0.0226198248565197,0.005808060988783836,0.03983050212264061,0.0020826258696615696,0.9651185870170593,0.040114469826221466,0.020373830571770668,0.03172393515706062,4.557234287261963,3.6087863445281982,5.695631980895996,32.08458709716797,12_missing_values_imputed; rail_pressure_bar_out_of_range,False,none,False,False,False,False,False,False,False,False,,92.69968006674972,elevated
fault_eng_301,sensor_drift_301,990.0,999.5,0.698044091463089,True,0.003556191921234131,0.9964438080787659,sensor_drift,0.04857836291193962,0.013924753293395042,0.04045606404542923,0.002045161323621869,0.9873998165130615,0.032402317970991135,0.013109821826219559,0.0844995379447937,4.258997917175293,3.3683228492736816,5.332335948944092,32.828880310058594,12_missing_values_imputed; rail_pressure_bar_out_of_range,True,sensor_drift,False,False,False,False,True,False,False,False,,92.69938945573516,elevated
fault_eng_301,sensor_drift_301,995.0,1004.5,0.7005370031222424,True,0.0012990236282348633,0.9987009763717651,sensor_drift,0.11618831008672714,0.08170267194509506,0.19736535847187042,0.00494370749220252,0.9753932356834412,0.14018872380256653,0.02370809018611908,0.22186675667762756,4.984926700592041,3.943004608154297,6.159084320068359,50.75325393676758,12_missing_values_imputed; rail_pressure_bar_out_of_range,True,sensor_drift,False,False,False,False,True,False,False,False,,92.6990945988541,elevated
fault_eng_301,sensor_drift_301,1000.0,1009.5,0.5817137360572815,True,0.011635422706604004,0.988364577293396,none,0.054561272263526917,0.4263733923435211,0.7572053074836731,0.039384812116622925,0.7674497365951538,0.8110549449920654,0.032175421714782715,0.521941065788269,6.007161617279053,4.773431777954102,7.374893665313721,79.34174346923828,12_missing_values_imputed; rail_pressure_bar_out_of_range,True,sensor_drift,False,False,False,False,True,False,False,False,,92.69879905182236,elevated
fault_eng_301,sensor_drift_301,1005.0,1014.5,0.4358624294400215,False,0.3109615445137024,0.6890384554862976,none,0.06805218011140823,0.20910999178886414,0.4146919548511505,0.061255138367414474,0.5866814851760864,0.5648708939552307,0.10361167043447495,0.32043933868408203,5.843296527862549,4.663840293884277,7.187568664550781,78.40676879882812,12_missing_values_imputed; rail_pressure_bar_out_of_range,True,sensor_drift,False,False,False,False,True,False,False,False,,92.69850624351264,elevated
fault_eng_301,sensor_drift_301,1010.0,1019.5,0.592991303652525,True,0.005280852317810059,0.9947191476821899,none,0.06776955723762512,0.47230100631713867,0.6681078672409058,0.04341394081711769,0.8088232278823853,0.8321980834007263,0.03235635533928871,0.5462905168533325,5.8979363441467285,4.699553489685059,7.249217987060547,78.20707702636719,12_missing_values_imputed; rail_pressure_bar_out_of_range,True,sensor_drift,False,False,False,False,True,False,False,False,,92.6982137087342,elevated
fault_eng_301,sensor_drift_301,1015.0,1024.5,0.6625220105051994,True,0.0006977319717407227,0.9993022680282593,none,0.08058587461709976,0.5079083442687988,0.6467199325561523,0.02467162348330021,0.8530185222625732,0.7838624715805054,0.022647351026535034,0.5637592673301697,5.873675346374512,4.647181510925293,7.217294692993164,77.80648040771484,12_missing_values_imputed; rail_pressure_bar_out_of_range,True,sensor_drift,False,False,False,False,True,False,False,False,,92.69791847426066,elevated
fault_eng_301,sensor_drift_301,1020.0,1029.5,0.6985413134098053,True,0.0026521682739257812,0.9973478317260742,sensor_drift,0.07094371318817139,0.024344639852643013,0.04896334186196327,0.004482992924749851,0.9887958765029907,0.0589086189866066,0.01408623717725277,0.17975735664367676,4.273375988006592,3.275618553161621,5.359521865844727,39.330963134765625,12_missing_values_imputed; rail_pressure_bar_out_of_range,False,none,False,False,False,False,False,False,False,False,,92.69762390461663,elevated
fault_eng_301,sensor_drift_301,1025.0,1034.5,0.7341599202713309,True,0.023640573024749756,0.9763594269752502,sensor_drift,0.047478798776865005,0.01713663525879383,0.07447981089353561,0.006024735048413277,0.9718289375305176,0.05419188365340233,0.033634498715400696,0.08690076321363449,4.698757648468018,3.7558929920196533,5.880313873291016,38.446468353271484,12_missing_values_imputed; rail_pressure_bar_out_of_range,False,none,False,False,False,False,False,False,False,False,,92.69733392586276,elevated
fault_eng_301,sensor_drift_301,1030.0,1039.5,0.5924075543880463,True,0.19562268257141113,0.8043773174285889,none,0.10261213779449463,0.31839701533317566,0.5208337903022766,0.07718200981616974,0.5840890407562256,0.4086710810661316,0.10034263134002686,0.35120442509651184,6.207571029663086,4.939929485321045,7.543460845947266,80.31301879882812,12_missing_values_imputed; rail_pressure_bar_out_of_range,False,none,False,False,False,False,False,False,False,False,,92.69704024432568,elevated
fault_eng_301,sensor_drift_301,1035.0,1044.5,0.463138279350915,False,0.9639326333999634,0.03606737032532692,sensor_drift; bearing_fault,0.0,0.0,0.0,0.0,1.0,1.0,0.0,1.0,18639988.0,15094706.0,25357400.0,100.0,12_missing_values_imputed; rail_pressure_bar_out_of_range,False,none,False,False,False,False,False,False,False,False,,92.69674662645558,elevated
fault_eng_301,sensor_drift_301,1040.0,1049.5,0.9977862417697907,True,0.0040250420570373535,0.9959749579429626,sensor_drift; overheating; bearing_fault,0.0,0.0,0.0,0.0,1.0,1.0,0.0,1.0,18060594.0,14476521.0,24916784.0,100.0,12_missing_values_imputed; rail_pressure_bar_out_of_range,True,sensor_drift,False,False,False,False,True,False,False,False,,92.69645656326848,elevated
fault_eng_301,sensor_drift_301,1045.0,1054.5,0.7045503642646951,True,0.007987558841705322,0.9920124411582947,sensor_drift,0.020318957045674324,0.0033360158558934927,0.01483624055981636,0.0007282475125975907,0.995703399181366,0.01177097950130701,0.008240651339292526,0.04200814291834831,3.9246957302093506,2.9478442668914795,4.966559886932373,26.5666561126709,12_missing_values_imputed; rail_pressure_bar_out_of_range,True,sensor_drift,False,False,False,False,True,False,False,False,,92.696163129856,elevated
fault_eng_301,sensor_drift_301,1050.0,1059.5,0.7171012034393256,True,0.000951230525970459,0.9990487694740295,sensor_drift,0.01834198459982872,0.0034560004714876413,0.014667395502328873,0.00024228064285125583,0.9962254762649536,0.0068682292476296425,0.00526033528149128,0.023301977664232254,4.625970363616943,3.642681121826172,5.740130424499512,26.28573989868164,12_missing_values_imputed; rail_pressure_bar_out_of_range,True,sensor_drift,False,False,False,False,True,False,False,False,,92.6958664414463,elevated
fault_eng_301,sensor_drift_301,1055.0,1064.5,0.5916727483272552,True,0.0013026595115661621,0.9986973404884338,none,0.09017667919397354,0.7222614884376526,0.4242751896381378,0.03418020159006119,0.8137016892433167,0.7132997512817383,0.01608215644955635,0.5929909944534302,5.788447856903076,4.596365928649902,7.058690071105957,77.81688690185547,12_missing_values_imputed; rail_pressure_bar_out_of_range,True,sensor_drift,False,False,False,False,True,False,False,False,,92.69557185580597,elevated
fault_eng_301,sensor_drift_301,1060.0,1069.5,0.6200660616159439,True,0.0016165971755981445,0.9983834028244019,none,0.10535489767789841,0.7050678133964539,0.5469173192977905,0.029554788023233414,0.8166650533676147,0.6674173474311829,0.016513435170054436,0.5823049545288086,5.910691261291504,4.699093818664551,7.198665618896484,78.14020538330078,12_missing_values_imputed; rail_pressure_bar_out_of_range,True,sensor_drift,False,False,False,False,True,False,False,False,,92.69527932952305,elevated
fault_eng_301,sensor_drift_301,1065.0,1074.5,0.595893070101738,True,0.00675433874130249,0.9932456612586975,none,0.11419744044542313,0.6416631937026978,0.5911785364151001,0.057692158967256546,0.800189197063446,0.7029767632484436,0.030929280444979668,0.5871484875679016,5.885138034820557,4.682336807250977,7.171487331390381,78.89920043945312,12_missing_values_imputed; rail_pressure_bar_out_of_range,True,sensor_drift,False,False,False,False,True,False,False,False,,92.69498955288276,elevated
fault_eng_301,sensor_drift_301,1070.0,1079.5,0.7267725876276142,True,0.0004271864891052246,0.9995728135108948,sensor_drift,0.17251363396644592,0.0014878808287903666,0.005693382117897272,0.0007335529080592096,0.9949135780334473,0.0025325671304017305,0.004419319797307253,0.06652278453111649,3.2274320125579834,2.259042739868164,4.189681053161621,26.00381851196289,12_missing_values_imputed; rail_pressure_bar_out_of_range,False,none,False,False,False,False,False,False,False,False,,92.69469899961123,elevated
fault_eng_301,sensor_drift_301,1075.0,1084.5,0.3729080534240829,False,0.6224270462989807,0.3775729537010193,sensor_drift,0.004321508575230837,0.00048149365466088057,0.0037627764977514744,0.0003880990552715957,0.9529534578323364,0.0035758567973971367,0.007364720106124878,0.004022843204438686,4.142337322235107,3.169809579849243,5.21073579788208,25.80484390258789,12_missing_values_imputed; rail_pressure_bar_out_of_range,False,none,False,False,False,False,False,False,False,False,,92.69440398723408,elevated
fault_eng_301,sensor_drift_301,1080.0,1089.5,0.6170451573214029,True,0.1928868293762207,0.8071131706237793,sensor_drift,0.02081340365111828,0.004171115346252918,0.020964646711945534,0.0020016618072986603,0.9778693318367004,0.018033118918538094,0.01905995048582554,0.03701876848936081,4.0437469482421875,3.0211329460144043,5.116067886352539,36.16086959838867,12_missing_values_imputed; rail_pressure_bar_out_of_range,False,none,False,False,False,False,False,False,False,False,,92.69411083289756,elevated
fault_eng_301,sensor_drift_301,1085.0,1094.5,0.7269669026346163,True,0.024049580097198486,0.9759504199028015,sensor_drift,0.031062401831150055,0.006900586187839508,0.04366791620850563,0.0013181851245462894,0.9858320951461792,0.024138491600751877,0.02223173901438713,0.041128963232040405,4.534160137176514,3.518551826477051,5.616560459136963,35.251121520996094,12_missing_values_imputed; rail_pressure_bar_out_of_range,False,none,False,False,False,False,False,False,False,False,,92.69381890799067,elevated
fault_eng_301,sensor_drift_301,1090.0,1099.5,0.5959975896191777,True,0.037546753883361816,0.9624532461166382,none,0.11217886209487915,0.525922954082489,0.5776670575141907,0.054217297583818436,0.8069988489151001,0.6007012724876404,0.05359712615609169,0.4933178722858429,5.9668169021606445,4.714085102081299,7.284255027770996,78.8342514038086,12_missing_values_imputed; rail_pressure_bar_out_of_range,True,sensor_drift,False,False,False,False,True,False,False,False,,92.6935333512775,elevated
fault_eng_301,sensor_drift_301,1095.0,1104.5,0.6392824279046522,True,0.005153656005859375,0.9948463439941406,none,0.09762077778577805,0.6571133732795715,0.6815211176872253,0.025838777422904968,0.7918076515197754,0.6139969229698181,0.01974397897720337,0.5040263533592224,5.8300461769104,4.630877494812012,7.133060455322266,79.1817626953125,12_missing_values_imputed; rail_pressure_bar_out_of_range,True,sensor_drift,False,False,False,False,True,False,False,False,,92.6932447368259,elevated
fault_eng_301,sensor_drift_301,1100.0,1109.5,0.6475205442821504,True,0.0012400150299072266,0.9987599849700928,none,0.13278956711292267,0.7761853933334351,0.5627768039703369,0.017659595236182213,0.7757145166397095,0.4140438437461853,0.014414898119866848,0.5165342688560486,5.794850826263428,4.583442687988281,7.090685844421387,79.0869140625,12_missing_values_imputed; rail_pressure_bar_out_of_range,True,sensor_drift,False,False,False,False,True,False,False,False,,92.69295292757576,elevated
fault_eng_301,sensor_drift_301,1105.0,1114.5,0.6251007552307645,True,0.002871096134185791,0.9971289038658142,none,0.13193458318710327,0.750238299369812,0.5951684713363647,0.04207056388258934,0.775827169418335,0.5027680397033691,0.01891062967479229,0.5566951036453247,5.788149356842041,4.566712856292725,7.0748748779296875,78.2786865234375,12_missing_values_imputed; rail_pressure_bar_out_of_range,True,sensor_drift,False,False,False,False,True,False,False,False,,92.69266651099495,elevated
fault_eng_301,sensor_drift_301,1110.0,1119.5,0.6147993932479299,True,0.0053285956382751465,0.9946714043617249,none,0.06185673922300339,0.6087524890899658,0.652272641658783,0.029295217245817184,0.7588487267494202,0.6646460890769958,0.023185284808278084,0.4709518849849701,5.614029407501221,4.4097795486450195,6.88716459274292,79.03367614746094,12_missing_values_imputed; rail_pressure_bar_out_of_range,True,sensor_drift,False,False,False,False,True,False,False,False,,92.69238247492504,elevated
fault_eng_301,sensor_drift_301,1115.0,1124.5,0.5997313672299451,True,0.010086774826049805,0.9899132251739502,none,0.0786070004105568,0.5654668211936951,0.6090214848518372,0.039759717881679535,0.7899928092956543,0.6850053071975708,0.02873242273926735,0.4791875183582306,5.652048110961914,4.44155740737915,6.9294281005859375,79.0498275756836,12_missing_values_imputed; rail_pressure_bar_out_of_range,True,sensor_drift,False,False,False,False,True,False,False,False,,92.69209517327955,elevated
fault_eng_301,sensor_drift_301,1120.0,1129.5,0.49493686321395086,False,0.2994757294654846,0.7005242705345154,none,0.04880733788013458,0.16496294736862183,0.27045387029647827,0.028669733554124832,0.4993125796318054,0.289482980966568,0.08888373523950577,0.17641177773475647,5.73343563079834,4.52729606628418,6.993896484375,77.87712097167969,12_missing_values_imputed; rail_pressure_bar_out_of_range,False,none,False,False,False,False,False,False,False,False,,92.6918037863768,elevated
fault_eng_301,sensor_drift_301,1125.0,1134.5,0.6256538739675653,True,0.21565061807632446,0.7843493819236755,sensor_drift,0.08770676702260971,0.006161176599562168,0.032503772526979446,0.004324146080762148,0.968725323677063,0.020598245784640312,0.030491245910525322,0.05886644497513771,3.339211940765381,2.3390519618988037,4.293260097503662,35.63511657714844,12_missing_values_imputed; rail_pressure_bar_out_of_range,False,none,False,False,False,False,False,False,False,False,,92.69151484567612,elevated
fault_eng_301,sensor_drift_301,1130.0,1139.5,0.7089763109850192,True,0.04902011156082153,0.9509798884391785,sensor_drift,0.04483307525515556,0.010654707439243793,0.0624675489962101,0.0027433710638433695,0.977910578250885,0.030307577922940254,0.037102553993463516,0.059504084289073944,4.6172194480896,3.583730697631836,5.727839469909668,38.49808883666992,12_missing_values_imputed; rail_pressure_bar_out_of_range,False,none,False,False,False,False,False,False,False,False,,92.69122980202114,elevated
